mm_id,latin_name,common_name_de,aliases,category_key,source_part_file,canonical_master_id,canonical_master_name,canonical_match_type,resolver_known,resolver_input_match,resolver_canonical_id,hahnemann,kent,hering,boericke,boger,allen,has_boger_data,has_allen_data,identity_status,notes
abelmoschus,,,,plant,materiaMedicaPartX.ts,NONE,,NO_MATCH,FALSE,NONE,NONE,EXPLICIT_FALSE,EXPLICIT_FALSE,EXPLICIT_FALSE,EXPLICIT_TRUE,DATASET_PRESENCE,FALSE,TRUE,FALSE,PARTIALLY_LINKED,"Diagnostic generated record"
abies-canadensis,,,,plant,materiaMedicaPartX.ts,NONE,,NO_MATCH,FALSE,NONE,NONE,EXPLICIT_TRUE,EXPLICIT_TRUE,EXPLICIT_TRUE,DEFAULT_TRUE,FALSE,FALSE,FALSE,FALSE,MM_ONLY,"Diagnostic generated record"
abies-nigra,,,,plant,materiaMedicaPartX.ts,NONE,,NO_MATCH,FALSE,NONE,NONE,EXPLICIT_TRUE,EXPLICIT_TRUE,EXPLICIT_TRUE,DEFAULT_TRUE,FALSE,FALSE,FALSE,FALSE,MM_ONLY,"Diagnostic generated record"
abroma-augusta,,,,plant,materiaMedicaPartX.ts,NONE,,NO_MATCH,FALSE,NONE,NONE,EXPLICIT_FALSE,EXPLICIT_FALSE,EXPLICIT_FALSE,EXPLICIT_TRUE,FALSE,FALSE,FALSE,FALSE,MM_ONLY,"Diagnostic generated record"
abrotanum,,,,plant,materiaMedicaPartX.ts,NONE,,NO_MATCH,TRUE,abrotanum,abrotanum,EXPLICIT_TRUE,EXPLICIT_TRUE,EXPLICIT_TRUE,DEFAULT_TRUE,FALSE,DATASET_PRESENCE,FALSE,TRUE,PARTIALLY_LINKED,"Diagnostic generated record"
absinthium,,,,plant,materiaMedicaPartX.ts,NONE,,NO_MATCH,FALSE,NONE,NONE,EXPLICIT_TRUE,EXPLICIT_TRUE,EXPLICIT_TRUE,DEFAULT_TRUE,FALSE,FALSE,FALSE,FALSE,MM_ONLY,"Diagnostic generated record"
acalypha-indica,,,,plant,materiaMedicaPartX.ts,NONE,,NO_MATCH,FALSE,NONE,NONE,EXPLICIT_FALSE,EXPLICIT_FALSE,EXPLICIT_FALSE,EXPLICIT_TRUE,FALSE,FALSE,FALSE,FALSE,MM_ONLY,"Diagnostic generated record"
millefolium,,,,plant,materiaMedicaPartX.ts,NONE,,NO_MATCH,FALSE,NONE,NONE,EXPLICIT_TRUE,EXPLICIT_TRUE,EXPLICIT_TRUE,DEFAULT_TRUE,DATASET_PRESENCE,DATASET_PRESENCE,TRUE,TRUE,PARTIALLY_LINKED,"Diagnostic generated record"
acidum-aceticum,,,,acid,materiaMedicaPartX.ts,NONE,,NO_MATCH,FALSE,NONE,NONE,EXPLICIT_TRUE,EXPLICIT_TRUE,EXPLICIT_TRUE,DEFAULT_TRUE,FALSE,FALSE,FALSE,FALSE,MM_ONLY,"Diagnostic generated record"
acidum-benzoicum,,,,acid,materiaMedicaPartX.ts,NONE,,NO_MATCH,FALSE,NONE,NONE,EXPLICIT_TRUE,EXPLICIT_TRUE,EXPLICIT_TRUE,DEFAULT_TRUE,FALSE,DATASET_PRESENCE,FALSE,TRUE,PARTIALLY_LINKED,"Diagnostic generated record"
acidum-fluoricum,,,,acid,materiaMedicaPartX.ts,NONE,,NO_MATCH,FALSE,NONE,NONE,EXPLICIT_TRUE,EXPLICIT_TRUE,EXPLICIT_TRUE,DEFAULT_TRUE,FALSE,DATASET_PRESENCE,FALSE,TRUE,PARTIALLY_LINKED,"Diagnostic generated record"
acidum-nitricum,,,,acid,materiaMedicaPartX.ts,NONE,,NO_MATCH,TRUE,acidum-nitricum,acidum-nitricum,EXPLICIT_TRUE,EXPLICIT_TRUE,EXPLICIT_TRUE,DEFAULT_TRUE,DATASET_PRESENCE,DATASET_PRESENCE,TRUE,TRUE,PARTIALLY_LINKED,"Diagnostic generated record"
acidum-phosphoricum,,,,acid,materiaMedicaPartX.ts,NONE,,NO_MATCH,FALSE,NONE,NONE,EXPLICIT_TRUE,EXPLICIT_TRUE,EXPLICIT_TRUE,DEFAULT_TRUE,DATASET_PRESENCE,DATASET_PRESENCE,TRUE,TRUE,PARTIALLY_LINKED,"Diagnostic generated record"
acidum-sulfuricum,,,,acid,materiaMedicaPartX.ts,NONE,,NO_MATCH,FALSE,NONE,NONE,EXPLICIT_TRUE,EXPLICIT_TRUE,EXPLICIT_TRUE,DEFAULT_TRUE,DATASET_PRESENCE,DATASET_PRESENCE,TRUE,TRUE,PARTIALLY_LINKED,"Diagnostic generated record"
aconitum-lycoctonum,,,,plant,materiaMedicaPartX.ts,NONE,,NO_MATCH,FALSE,NONE,NONE,EXPLICIT_FALSE,EXPLICIT_FALSE,EXPLICIT_FALSE,EXPLICIT_TRUE,FALSE,FALSE,FALSE,FALSE,MM_ONLY,"Diagnostic generated record"
aconitum-napellus,,,,plant,materiaMedicaPartX.ts,aconitum-napellus,,EXACT_NAME,TRUE,aconitum-napellus,aconitum-napellus,EXPLICIT_TRUE,EXPLICIT_TRUE,EXPLICIT_TRUE,DEFAULT_TRUE,DATASET_PRESENCE,FALSE,TRUE,FALSE,FULLY_LINKED,"Diagnostic generated record"
actaea-spicata,,,,plant,materiaMedicaPartX.ts,NONE,,NO_MATCH,FALSE,NONE,NONE,EXPLICIT_FALSE,EXPLICIT_TRUE,EXPLICIT_TRUE,DEFAULT_TRUE,FALSE,FALSE,FALSE,FALSE,MM_ONLY,"Diagnostic generated record"
adlumia-fungosa,,,,plant,materiaMedicaPartX.ts,NONE,,NO_MATCH,FALSE,NONE,NONE,EXPLICIT_FALSE,EXPLICIT_FALSE,EXPLICIT_FALSE,EXPLICIT_TRUE,FALSE,FALSE,FALSE,FALSE,MM_ONLY,"Diagnostic generated record"
adonis-vernalis,,,,plant,materiaMedicaPartX.ts,NONE,,NO_MATCH,FALSE,NONE,NONE,EXPLICIT_FALSE,EXPLICIT_FALSE,EXPLICIT_TRUE,DEFAULT_TRUE,FALSE,FALSE,FALSE,FALSE,MM_ONLY,"Diagnostic generated record"
adoxa-moschatellina,,,,plant,materiaMedicaPartX.ts,NONE,,NO_MATCH,FALSE,NONE,NONE,EXPLICIT_FALSE,EXPLICIT_FALSE,EXPLICIT_FALSE,EXPLICIT_TRUE,FALSE,FALSE,FALSE,FALSE,MM_ONLY,"Diagnostic generated record"
aesculus-hippocastanum,,,,plant,materiaMedicaPartX.ts,NONE,,NO_MATCH,FALSE,NONE,NONE,EXPLICIT_TRUE,EXPLICIT_TRUE,EXPLICIT_TRUE,DEFAULT_TRUE,FALSE,DATASET_PRESENCE,FALSE,TRUE,PARTIALLY_LINKED,"Diagnostic generated record"
aethusa-cynapium,,,,plant,materiaMedicaPartX.ts,NONE,,NO_MATCH,FALSE,NONE,NONE,EXPLICIT_TRUE,EXPLICIT_TRUE,EXPLICIT_TRUE,DEFAULT_TRUE,FALSE,DATASET_PRESENCE,FALSE,TRUE,PARTIALLY_LINKED,"Diagnostic generated record"
agaricus-muscarius,,,,plant,materiaMedicaPartX.ts,NONE,,NO_MATCH,TRUE,agaricus-muscarius,agaricus-muscarius,EXPLICIT_TRUE,EXPLICIT_TRUE,EXPLICIT_TRUE,DEFAULT_TRUE,DATASET_PRESENCE,DATASET_PRESENCE,TRUE,TRUE,PARTIALLY_LINKED,"Diagnostic generated record"
agave-americana,,,,plant,materiaMedicaPartX.ts,NONE,,NO_MATCH,FALSE,NONE,NONE,EXPLICIT_FALSE,EXPLICIT_FALSE,EXPLICIT_FALSE,EXPLICIT_TRUE,FALSE,FALSE,FALSE,FALSE,MM_ONLY,"Diagnostic generated record"
agnus-castus,,,,plant,materiaMedicaPartX.ts,NONE,,NO_MATCH,FALSE,NONE,NONE,EXPLICIT_TRUE,EXPLICIT_TRUE,EXPLICIT_TRUE,DEFAULT_TRUE,DATASET_PRESENCE,DATASET_PRESENCE,TRUE,TRUE,PARTIALLY_LINKED,"Diagnostic generated record"
agrostemma-githago,,,,plant,materiaMedicaPartX.ts,NONE,,NO_MATCH,FALSE,NONE,NONE,EXPLICIT_FALSE,EXPLICIT_FALSE,EXPLICIT_FALSE,EXPLICIT_TRUE,FALSE,FALSE,FALSE,FALSE,MM_ONLY,"Diagnostic generated record"
ailanthus-glandulosa,,,,plant,materiaMedicaPartX.ts,NONE,,NO_MATCH,FALSE,NONE,NONE,EXPLICIT_FALSE,EXPLICIT_FALSE,EXPLICIT_FALSE,EXPLICIT_TRUE,FALSE,FALSE,FALSE,FALSE,MM_ONLY,"Diagnostic generated record"
alchemilla-vulgaris,,,,plant,materiaMedicaPartX.ts,NONE,,NO_MATCH,FALSE,NONE,NONE,EXPLICIT_FALSE,EXPLICIT_FALSE,EXPLICIT_FALSE,EXPLICIT_TRUE,FALSE,FALSE,FALSE,FALSE,MM_ONLY,"Diagnostic generated record"
aletris-farinosa,,,,plant,materiaMedicaPartX.ts,NONE,,NO_MATCH,FALSE,NONE,NONE,EXPLICIT_FALSE,EXPLICIT_FALSE,EXPLICIT_FALSE,EXPLICIT_TRUE,FALSE,FALSE,FALSE,FALSE,MM_ONLY,"Diagnostic generated record"
alfalfa,,,,plant,materiaMedicaPartX.ts,NONE,,NO_MATCH,FALSE,NONE,NONE,EXPLICIT_FALSE,EXPLICIT_FALSE,EXPLICIT_FALSE,EXPLICIT_TRUE,FALSE,FALSE,FALSE,FALSE,MM_ONLY,"Diagnostic generated record"
allium-cepa,,,,plant,materiaMedicaPartX.ts,NONE,,NO_MATCH,TRUE,allium-cepa,allium-cepa,EXPLICIT_TRUE,EXPLICIT_TRUE,EXPLICIT_TRUE,DEFAULT_TRUE,FALSE,FALSE,FALSE,FALSE,PARTIALLY_LINKED,"Diagnostic generated record"
allium-sativum,,,,plant,materiaMedicaPartX.ts,NONE,,NO_MATCH,FALSE,NONE,NONE,EXPLICIT_FALSE,EXPLICIT_FALSE,EXPLICIT_FALSE,EXPLICIT_TRUE,FALSE,FALSE,FALSE,FALSE,MM_ONLY,"Diagnostic generated record"
alnus-serrulata,,,,plant,materiaMedicaPartX.ts,NONE,,NO_MATCH,FALSE,NONE,NONE,EXPLICIT_FALSE,EXPLICIT_FALSE,EXPLICIT_FALSE,EXPLICIT_TRUE,FALSE,FALSE,FALSE,FALSE,MM_ONLY,"Diagnostic generated record"
aloe-socotrina,,,,plant,materiaMedicaPartX.ts,NONE,,NO_MATCH,FALSE,NONE,NONE,EXPLICIT_TRUE,EXPLICIT_TRUE,EXPLICIT_TRUE,DEFAULT_TRUE,DATASET_PRESENCE,DATASET_PRESENCE,TRUE,TRUE,PARTIALLY_LINKED,"Diagnostic generated record"
alstonia-constricta,,,,plant,materiaMedicaPartX.ts,NONE,,NO_MATCH,FALSE,NONE,NONE,EXPLICIT_FALSE,EXPLICIT_FALSE,EXPLICIT_FALSE,EXPLICIT_TRUE,FALSE,FALSE,FALSE,FALSE,MM_ONLY,"Diagnostic generated record"
alstonia-scholaris,,,,plant,materiaMedicaPartX.ts,NONE,,NO_MATCH,FALSE,NONE,NONE,EXPLICIT_FALSE,EXPLICIT_FALSE,EXPLICIT_TRUE,DEFAULT_TRUE,FALSE,FALSE,FALSE,FALSE,MM_ONLY,"Diagnostic generated record"
althaea-officinalis,,,,plant,materiaMedicaPartX.ts,NONE,,NO_MATCH,FALSE,NONE,NONE,EXPLICIT_FALSE,EXPLICIT_FALSE,EXPLICIT_FALSE,EXPLICIT_TRUE,DATASET_PRESENCE,DATASET_PRESENCE,TRUE,TRUE,PARTIALLY_LINKED,"Diagnostic generated record"
alumina,,,,mineral,materiaMedicaPartX.ts,NONE,,NO_MATCH,TRUE,alumina,alumina,EXPLICIT_TRUE,EXPLICIT_TRUE,EXPLICIT_TRUE,DEFAULT_TRUE,DATASET_PRESENCE,DATASET_PRESENCE,TRUE,TRUE,PARTIALLY_LINKED,"Diagnostic generated record"
alumina-phosphorica,,,,mineral,materiaMedicaPartX.ts,NONE,,NO_MATCH,FALSE,NONE,NONE,EXPLICIT_FALSE,EXPLICIT_TRUE,EXPLICIT_FALSE,DEFAULT_TRUE,DATASET_PRESENCE,DATASET_PRESENCE,TRUE,TRUE,PARTIALLY_LINKED,"Diagnostic generated record"
alumina-silicata,,,,mineral,materiaMedicaPartX.ts,NONE,,NO_MATCH,FALSE,NONE,NONE,EXPLICIT_FALSE,EXPLICIT_TRUE,EXPLICIT_FALSE,DEFAULT_TRUE,DATASET_PRESENCE,DATASET_PRESENCE,TRUE,TRUE,PARTIALLY_LINKED,"Diagnostic generated record"
ambra-grisea,,,,animal,materiaMedicaPartX.ts,NONE,,NO_MATCH,TRUE,ambra-grisea,ambra-grisea,EXPLICIT_TRUE,EXPLICIT_TRUE,EXPLICIT_TRUE,DEFAULT_TRUE,DATASET_PRESENCE,DATASET_PRESENCE,TRUE,TRUE,PARTIALLY_LINKED,"Diagnostic generated record"
ambrosia-artemisiaefolia,,,,plant,materiaMedicaPartX.ts,NONE,,NO_MATCH,FALSE,NONE,NONE,EXPLICIT_FALSE,EXPLICIT_FALSE,EXPLICIT_FALSE,EXPLICIT_TRUE,FALSE,FALSE,FALSE,FALSE,MM_ONLY,"Diagnostic generated record"
ambrosia-artemisiifolia,,,,plant,materiaMedicaPartX.ts,NONE,,NO_MATCH,FALSE,NONE,NONE,EXPLICIT_FALSE,EXPLICIT_FALSE,EXPLICIT_TRUE,DEFAULT_TRUE,FALSE,FALSE,FALSE,FALSE,MM_ONLY,"Diagnostic generated record"
ammoniacum-dorema,,,,plant,materiaMedicaPartX.ts,NONE,,NO_MATCH,FALSE,NONE,NONE,EXPLICIT_FALSE,EXPLICIT_FALSE,EXPLICIT_FALSE,EXPLICIT_TRUE,FALSE,FALSE,FALSE,FALSE,MM_ONLY,"Diagnostic generated record"
ammoniacum-gummi,,,,plant,materiaMedicaPartX.ts,NONE,,NO_MATCH,FALSE,NONE,NONE,EXPLICIT_FALSE,EXPLICIT_FALSE,EXPLICIT_TRUE,DEFAULT_TRUE,FALSE,FALSE,FALSE,FALSE,MM_ONLY,"Diagnostic generated record"
ammonium-benzoicum,,,,mineral,materiaMedicaPartX.ts,NONE,,NO_MATCH,FALSE,NONE,NONE,EXPLICIT_FALSE,EXPLICIT_FALSE,EXPLICIT_TRUE,DEFAULT_TRUE,FALSE,FALSE,FALSE,FALSE,MM_ONLY,"Diagnostic generated record"
ammonium-bromatum,,,,mineral,materiaMedicaPartX.ts,NONE,,NO_MATCH,FALSE,NONE,NONE,EXPLICIT_FALSE,EXPLICIT_FALSE,EXPLICIT_TRUE,DEFAULT_TRUE,FALSE,FALSE,FALSE,FALSE,MM_ONLY,"Diagnostic generated record"
ammonium-carbonicum,,,,mineral,materiaMedicaPartX.ts,NONE,,NO_MATCH,TRUE,ammonium-carbonicum,ammonium-carbonicum,EXPLICIT_TRUE,EXPLICIT_TRUE,EXPLICIT_TRUE,DEFAULT_TRUE,DATASET_PRESENCE,DATASET_PRESENCE,TRUE,TRUE,PARTIALLY_LINKED,"Diagnostic generated record"
ammonium-causticum,,,,mineral,materiaMedicaPartX.ts,NONE,,NO_MATCH,FALSE,NONE,NONE,EXPLICIT_FALSE,EXPLICIT_FALSE,EXPLICIT_TRUE,DEFAULT_TRUE,DATASET_PRESENCE,DATASET_PRESENCE,TRUE,TRUE,PARTIALLY_LINKED,"Diagnostic generated record"
ammonium-iodatum,,,,mineral,materiaMedicaPartX.ts,NONE,,NO_MATCH,FALSE,NONE,NONE,EXPLICIT_FALSE,EXPLICIT_FALSE,EXPLICIT_TRUE,DEFAULT_TRUE,FALSE,FALSE,FALSE,FALSE,MM_ONLY,"Diagnostic generated record"
ammonium-muriaticum,,,,mineral,materiaMedicaPartX.ts,NONE,,NO_MATCH,FALSE,NONE,NONE,EXPLICIT_TRUE,EXPLICIT_TRUE,EXPLICIT_TRUE,DEFAULT_TRUE,DATASET_PRESENCE,DATASET_PRESENCE,TRUE,TRUE,PARTIALLY_LINKED,"Diagnostic generated record"
ammonium-phosphoricum,,,,mineral,materiaMedicaPartX.ts,NONE,,NO_MATCH,FALSE,NONE,NONE,EXPLICIT_FALSE,EXPLICIT_TRUE,EXPLICIT_FALSE,DEFAULT_TRUE,FALSE,FALSE,FALSE,FALSE,MM_ONLY,"Diagnostic generated record"
ammonium-valerianicum,,,,mineral,materiaMedicaPartX.ts,NONE,,NO_MATCH,FALSE,NONE,NONE,EXPLICIT_FALSE,EXPLICIT_FALSE,EXPLICIT_TRUE,DEFAULT_TRUE,FALSE,FALSE,FALSE,FALSE,MM_ONLY,"Diagnostic generated record"
ampelopsis-quinquefolia,,,,plant,materiaMedicaPartX.ts,NONE,,NO_MATCH,FALSE,NONE,NONE,EXPLICIT_FALSE,EXPLICIT_FALSE,EXPLICIT_FALSE,EXPLICIT_TRUE,FALSE,FALSE,FALSE,FALSE,MM_ONLY,"Diagnostic generated record"
amygdalus-persica,,,,plant,materiaMedicaPartX.ts,NONE,,NO_MATCH,FALSE,NONE,NONE,EXPLICIT_FALSE,EXPLICIT_FALSE,EXPLICIT_FALSE,EXPLICIT_TRUE,FALSE,FALSE,FALSE,FALSE,MM_ONLY,"Diagnostic generated record"
amyl-nitrosum,,,,mineral,materiaMedicaPartX.ts,NONE,,NO_MATCH,FALSE,NONE,NONE,EXPLICIT_FALSE,EXPLICIT_FALSE,EXPLICIT_FALSE,EXPLICIT_TRUE,FALSE,FALSE,FALSE,FALSE,MM_ONLY,"Diagnostic generated record"
amylenum-nitrosum,,,,mineral,materiaMedicaPartX.ts,NONE,,NO_MATCH,FALSE,NONE,NONE,EXPLICIT_FALSE,EXPLICIT_FALSE,EXPLICIT_TRUE,DEFAULT_TRUE,FALSE,DATASET_PRESENCE,FALSE,TRUE,PARTIALLY_LINKED,"Diagnostic generated record"
anacardium-orientale,,,,plant,materiaMedicaPartX.ts,NONE,,NO_MATCH,FALSE,NONE,NONE,EXPLICIT_TRUE,EXPLICIT_TRUE,EXPLICIT_TRUE,DEFAULT_TRUE,DATASET_PRESENCE,DATASET_PRESENCE,TRUE,TRUE,PARTIALLY_LINKED,"Diagnostic generated record"
anagallis-arvensis,,,,plant,materiaMedicaPartX.ts,NONE,,NO_MATCH,FALSE,NONE,NONE,EXPLICIT_FALSE,EXPLICIT_FALSE,EXPLICIT_TRUE,DEFAULT_TRUE,FALSE,FALSE,FALSE,FALSE,MM_ONLY,"Diagnostic generated record"
cocculus-indicus,,,,plant,materiaMedicaPartX.ts,NONE,,NO_MATCH,FALSE,NONE,NONE,EXPLICIT_TRUE,EXPLICIT_TRUE,EXPLICIT_TRUE,DEFAULT_TRUE,DATASET_PRESENCE,DATASET_PRESENCE,TRUE,TRUE,PARTIALLY_LINKED,"Diagnostic generated record"
angustura-vera,,,,plant,materiaMedicaPartX.ts,NONE,,NO_MATCH,TRUE,angustura-vera,angustura-vera,EXPLICIT_TRUE,EXPLICIT_FALSE,EXPLICIT_TRUE,DEFAULT_TRUE,DATASET_PRESENCE,FALSE,TRUE,FALSE,PARTIALLY_LINKED,"Diagnostic generated record"
anhalonium-lewinii,,,,plant,materiaMedicaPartX.ts,NONE,,NO_MATCH,FALSE,NONE,NONE,EXPLICIT_FALSE,EXPLICIT_FALSE,EXPLICIT_TRUE,DEFAULT_TRUE,FALSE,FALSE,FALSE,FALSE,MM_ONLY,"Diagnostic generated record"
anisum-stellatum,,,,plant,materiaMedicaPartX.ts,NONE,,NO_MATCH,FALSE,NONE,NONE,EXPLICIT_TRUE,EXPLICIT_FALSE,EXPLICIT_TRUE,DEFAULT_TRUE,FALSE,FALSE,FALSE,FALSE,MM_ONLY,"Diagnostic generated record"
anthemis-nobilis,,,,plant,materiaMedicaPartX.ts,NONE,,NO_MATCH,FALSE,NONE,NONE,EXPLICIT_FALSE,EXPLICIT_FALSE,EXPLICIT_TRUE,DEFAULT_TRUE,FALSE,FALSE,FALSE,FALSE,MM_ONLY,"Diagnostic generated record"
anthoxanthum-odoratum,,,,plant,materiaMedicaPartX.ts,NONE,,NO_MATCH,FALSE,NONE,NONE,EXPLICIT_FALSE,EXPLICIT_FALSE,EXPLICIT_FALSE,EXPLICIT_TRUE,FALSE,FALSE,FALSE,FALSE,MM_ONLY,"Diagnostic generated record"
anthracinum,,,,nosode,materiaMedicaPartX.ts,NONE,,NO_MATCH,FALSE,NONE,NONE,EXPLICIT_FALSE,EXPLICIT_FALSE,EXPLICIT_TRUE,DEFAULT_TRUE,FALSE,DATASET_PRESENCE,FALSE,TRUE,PARTIALLY_LINKED,"Diagnostic generated record"
antimonium-arsenicosum,,,,mineral,materiaMedicaPartX.ts,NONE,,NO_MATCH,FALSE,NONE,NONE,EXPLICIT_FALSE,EXPLICIT_FALSE,EXPLICIT_TRUE,DEFAULT_TRUE,FALSE,FALSE,FALSE,FALSE,MM_ONLY,"Diagnostic generated record"
antimonium-crudum,,,,mineral,materiaMedicaPartX.ts,NONE,,NO_MATCH,TRUE,antimonium-crudum,antimonium-crudum,EXPLICIT_TRUE,EXPLICIT_TRUE,EXPLICIT_TRUE,DEFAULT_TRUE,DATASET_PRESENCE,DATASET_PRESENCE,TRUE,TRUE,PARTIALLY_LINKED,"Diagnostic generated record"
antimonium-iodatum,,,,mineral,materiaMedicaPartX.ts,NONE,,NO_MATCH,FALSE,NONE,NONE,EXPLICIT_FALSE,EXPLICIT_FALSE,EXPLICIT_TRUE,DEFAULT_TRUE,FALSE,FALSE,FALSE,FALSE,MM_ONLY,"Diagnostic generated record"
antimonium-sulfuratum-aurantiacum,,,,mineral,materiaMedicaPartX.ts,NONE,,NO_MATCH,FALSE,NONE,NONE,EXPLICIT_FALSE,EXPLICIT_TRUE,EXPLICIT_TRUE,DEFAULT_TRUE,DATASET_PRESENCE,FALSE,TRUE,FALSE,PARTIALLY_LINKED,"Diagnostic generated record"
antimonium-tartaricum,,,,mineral,materiaMedicaPartX.ts,NONE,,NO_MATCH,FALSE,NONE,NONE,EXPLICIT_TRUE,EXPLICIT_TRUE,EXPLICIT_TRUE,DEFAULT_TRUE,DATASET_PRESENCE,DATASET_PRESENCE,TRUE,TRUE,PARTIALLY_LINKED,"Diagnostic generated record"
apis-mellifica,,,,animal,materiaMedicaPartX.ts,NONE,,NO_MATCH,TRUE,apis-mellifica,apis-mellifica,EXPLICIT_TRUE,EXPLICIT_TRUE,EXPLICIT_TRUE,DEFAULT_TRUE,DATASET_PRESENCE,DATASET_PRESENCE,TRUE,TRUE,PARTIALLY_LINKED,"Diagnostic generated record"
apium-graveolens,,,,plant,materiaMedicaPartX.ts,NONE,,NO_MATCH,FALSE,NONE,NONE,EXPLICIT_FALSE,EXPLICIT_FALSE,EXPLICIT_TRUE,DEFAULT_TRUE,FALSE,FALSE,FALSE,FALSE,MM_ONLY,"Diagnostic generated record"
apocynum-androsaemifolium,,,,plant,materiaMedicaPartX.ts,NONE,,NO_MATCH,FALSE,NONE,NONE,EXPLICIT_FALSE,EXPLICIT_FALSE,EXPLICIT_TRUE,DEFAULT_TRUE,FALSE,FALSE,FALSE,FALSE,MM_ONLY,"Diagnostic generated record"
apocynum-cannabinum,,,,plant,materiaMedicaPartX.ts,NONE,,NO_MATCH,TRUE,apocynum-cannabinum,apocynum-cannabinum,EXPLICIT_FALSE,EXPLICIT_TRUE,EXPLICIT_TRUE,DEFAULT_TRUE,FALSE,DATASET_PRESENCE,FALSE,TRUE,PARTIALLY_LINKED,"Diagnostic generated record"
apomorphinum,,,,mineral,materiaMedicaPartX.ts,NONE,,NO_MATCH,FALSE,NONE,NONE,EXPLICIT_FALSE,EXPLICIT_FALSE,EXPLICIT_TRUE,DEFAULT_TRUE,FALSE,FALSE,FALSE,FALSE,MM_ONLY,"Diagnostic generated record"
aquilegia-vulgaris,,,,plant,materiaMedicaPartX.ts,NONE,,NO_MATCH,FALSE,NONE,NONE,EXPLICIT_FALSE,EXPLICIT_FALSE,EXPLICIT_FALSE,EXPLICIT_TRUE,FALSE,FALSE,FALSE,FALSE,MM_ONLY,"Diagnostic generated record"
aralia-hispida,,,,plant,materiaMedicaPartX.ts,NONE,,NO_MATCH,FALSE,NONE,NONE,EXPLICIT_FALSE,EXPLICIT_FALSE,EXPLICIT_FALSE,EXPLICIT_TRUE,FALSE,FALSE,FALSE,FALSE,MM_ONLY,"Diagnostic generated record"
aralia-racemosa,,,,plant,materiaMedicaPartX.ts,NONE,,NO_MATCH,FALSE,NONE,NONE,EXPLICIT_FALSE,EXPLICIT_FALSE,EXPLICIT_TRUE,DEFAULT_TRUE,FALSE,FALSE,FALSE,FALSE,MM_ONLY,"Diagnostic generated record"
aranea-diadema,,,,animal,materiaMedicaPartX.ts,NONE,,NO_MATCH,FALSE,NONE,NONE,EXPLICIT_FALSE,EXPLICIT_FALSE,EXPLICIT_TRUE,DEFAULT_TRUE,FALSE,FALSE,FALSE,FALSE,MM_ONLY,"Diagnostic generated record"
arbutus-andrachne,,,,plant,materiaMedicaPartX.ts,NONE,,NO_MATCH,FALSE,NONE,NONE,EXPLICIT_FALSE,EXPLICIT_FALSE,EXPLICIT_FALSE,EXPLICIT_TRUE,FALSE,FALSE,FALSE,FALSE,MM_ONLY,"Diagnostic generated record"
arbutus-unedo,,,,plant,materiaMedicaPartX.ts,NONE,,NO_MATCH,FALSE,NONE,NONE,EXPLICIT_FALSE,EXPLICIT_FALSE,EXPLICIT_FALSE,EXPLICIT_TRUE,FALSE,FALSE,FALSE,FALSE,MM_ONLY,"Diagnostic generated record"
arctium-lappa,,,,plant,materiaMedicaPartX.ts,NONE,,NO_MATCH,FALSE,NONE,NONE,EXPLICIT_FALSE,EXPLICIT_FALSE,EXPLICIT_FALSE,EXPLICIT_TRUE,FALSE,FALSE,FALSE,FALSE,MM_ONLY,"Diagnostic generated record"
uva-ursi,,,,plant,materiaMedicaPartX.ts,NONE,,NO_MATCH,FALSE,NONE,NONE,EXPLICIT_TRUE,EXPLICIT_TRUE,EXPLICIT_TRUE,DEFAULT_TRUE,FALSE,FALSE,FALSE,FALSE,MM_ONLY,"Diagnostic generated record"
areca-catechu,,,,plant,materiaMedicaPartX.ts,NONE,,NO_MATCH,FALSE,NONE,NONE,EXPLICIT_FALSE,EXPLICIT_FALSE,EXPLICIT_FALSE,EXPLICIT_TRUE,FALSE,FALSE,FALSE,FALSE,MM_ONLY,"Diagnostic generated record"
argemone-mexicana,,,,plant,materiaMedicaPartX.ts,NONE,,NO_MATCH,FALSE,NONE,NONE,EXPLICIT_FALSE,EXPLICIT_FALSE,EXPLICIT_FALSE,EXPLICIT_TRUE,FALSE,FALSE,FALSE,FALSE,MM_ONLY,"Diagnostic generated record"
argentum-cyanatum,,,,mineral,materiaMedicaPartX.ts,NONE,,NO_MATCH,FALSE,NONE,NONE,EXPLICIT_FALSE,EXPLICIT_FALSE,EXPLICIT_TRUE,DEFAULT_TRUE,FALSE,FALSE,FALSE,FALSE,MM_ONLY,"Diagnostic generated record"
argentum-iodatum,,,,mineral,materiaMedicaPartX.ts,NONE,,NO_MATCH,FALSE,NONE,NONE,EXPLICIT_FALSE,EXPLICIT_FALSE,EXPLICIT_TRUE,DEFAULT_TRUE,FALSE,FALSE,FALSE,FALSE,MM_ONLY,"Diagnostic generated record"
argentum-metallicum,,,,mineral,materiaMedicaPartX.ts,NONE,,NO_MATCH,TRUE,argentum-metallicum,argentum-metallicum,EXPLICIT_TRUE,EXPLICIT_TRUE,EXPLICIT_TRUE,DEFAULT_TRUE,DATASET_PRESENCE,DATASET_PRESENCE,TRUE,TRUE,PARTIALLY_LINKED,"Diagnostic generated record"
argentum-nitricum,,,,mineral,materiaMedicaPartX.ts,NONE,,NO_MATCH,TRUE,argentum-nitricum,argentum-nitricum,EXPLICIT_TRUE,EXPLICIT_TRUE,EXPLICIT_TRUE,DEFAULT_TRUE,DATASET_PRESENCE,DATASET_PRESENCE,TRUE,TRUE,PARTIALLY_LINKED,"Diagnostic generated record"
aristolochia-clematitis,,,,plant,materiaMedicaPartX.ts,NONE,,NO_MATCH,FALSE,NONE,NONE,EXPLICIT_FALSE,EXPLICIT_FALSE,EXPLICIT_TRUE,DEFAULT_TRUE,FALSE,FALSE,FALSE,FALSE,MM_ONLY,"Diagnostic generated record"
aristolochia-milhomens,,,,plant,materiaMedicaPartX.ts,NONE,,NO_MATCH,FALSE,NONE,NONE,EXPLICIT_FALSE,EXPLICIT_FALSE,EXPLICIT_FALSE,EXPLICIT_TRUE,FALSE,FALSE,FALSE,FALSE,MM_ONLY,"Diagnostic generated record"
arnica-montana,,,,plant,materiaMedicaPartX.ts,NONE,,NO_MATCH,TRUE,arnica-montana,arnica-montana,EXPLICIT_TRUE,EXPLICIT_TRUE,EXPLICIT_TRUE,DEFAULT_TRUE,DATASET_PRESENCE,DATASET_PRESENCE,TRUE,TRUE,PARTIALLY_LINKED,"Diagnostic generated record"
arsenicum-album,,,,mineral,materiaMedicaPartX.ts,arsenicum-album,,EXACT_NAME,TRUE,arsenicum-album,arsenicum-album,EXPLICIT_TRUE,EXPLICIT_TRUE,EXPLICIT_TRUE,DEFAULT_TRUE,DATASET_PRESENCE,DATASET_PRESENCE,TRUE,TRUE,FULLY_LINKED,"Diagnostic generated record"
arsenicum-bromatum,,,,mineral,materiaMedicaPartX.ts,NONE,,NO_MATCH,FALSE,NONE,NONE,EXPLICIT_FALSE,EXPLICIT_FALSE,EXPLICIT_TRUE,DEFAULT_TRUE,FALSE,FALSE,FALSE,FALSE,MM_ONLY,"Diagnostic generated record"
arsenicum-hydrogenisatum,,,,mineral,materiaMedicaPartX.ts,NONE,,NO_MATCH,FALSE,NONE,NONE,EXPLICIT_FALSE,EXPLICIT_TRUE,EXPLICIT_TRUE,DEFAULT_TRUE,FALSE,FALSE,FALSE,FALSE,MM_ONLY,"Diagnostic generated record"
arsenicum-iodatum,,,,mineral,materiaMedicaPartX.ts,NONE,,NO_MATCH,TRUE,arsenicum-iodatum,arsenicum-iodatum,EXPLICIT_FALSE,EXPLICIT_TRUE,EXPLICIT_TRUE,DEFAULT_TRUE,FALSE,FALSE,FALSE,FALSE,PARTIALLY_LINKED,"Diagnostic generated record"
arsenicum-metallicum,,,,mineral,materiaMedicaPartX.ts,NONE,,NO_MATCH,FALSE,NONE,NONE,EXPLICIT_FALSE,EXPLICIT_TRUE,EXPLICIT_TRUE,DEFAULT_TRUE,FALSE,FALSE,FALSE,FALSE,MM_ONLY,"Diagnostic generated record"
arsenicum-sulfuratum-flavum,,,,mineral,materiaMedicaPartX.ts,NONE,,NO_MATCH,FALSE,NONE,NONE,EXPLICIT_FALSE,EXPLICIT_TRUE,EXPLICIT_TRUE,DEFAULT_TRUE,DATASET_PRESENCE,FALSE,TRUE,FALSE,PARTIALLY_LINKED,"Diagnostic generated record"
arsenicum-sulfuratum-rubrum,,,,mineral,materiaMedicaPartX.ts,NONE,,NO_MATCH,FALSE,NONE,NONE,EXPLICIT_FALSE,EXPLICIT_FALSE,EXPLICIT_TRUE,DEFAULT_TRUE,DATASET_PRESENCE,FALSE,TRUE,FALSE,PARTIALLY_LINKED,"Diagnostic generated record"
cina-maritima,,,,plant,materiaMedicaPartX.ts,NONE,,NO_MATCH,FALSE,NONE,NONE,EXPLICIT_TRUE,EXPLICIT_TRUE,EXPLICIT_TRUE,DEFAULT_TRUE,DATASET_PRESENCE,DATASET_PRESENCE,TRUE,TRUE,PARTIALLY_LINKED,"Diagnostic generated record"
artemisia-vulgaris,,,,plant,materiaMedicaPartX.ts,NONE,,NO_MATCH,FALSE,NONE,NONE,EXPLICIT_FALSE,EXPLICIT_FALSE,EXPLICIT_TRUE,DEFAULT_TRUE,FALSE,FALSE,FALSE,FALSE,MM_ONLY,"Diagnostic generated record"
arum-dracontium,,,,plant,materiaMedicaPartX.ts,NONE,,NO_MATCH,FALSE,NONE,NONE,EXPLICIT_FALSE,EXPLICIT_FALSE,EXPLICIT_TRUE,DEFAULT_TRUE,FALSE,FALSE,FALSE,FALSE,MM_ONLY,"Diagnostic generated record"
arum-maculatum,,,,plant,materiaMedicaPartX.ts,NONE,,NO_MATCH,FALSE,NONE,NONE,EXPLICIT_FALSE,EXPLICIT_FALSE,EXPLICIT_TRUE,DEFAULT_TRUE,FALSE,FALSE,FALSE,FALSE,MM_ONLY,"Diagnostic generated record"
arum-triphyllum,,,,plant,materiaMedicaPartX.ts,NONE,,NO_MATCH,FALSE,NONE,NONE,EXPLICIT_TRUE,EXPLICIT_TRUE,EXPLICIT_TRUE,DEFAULT_TRUE,FALSE,DATASET_PRESENCE,FALSE,TRUE,PARTIALLY_LINKED,"Diagnostic generated record"
arundo-mauritanica,,,,plant,materiaMedicaPartX.ts,NONE,,NO_MATCH,FALSE,NONE,NONE,EXPLICIT_FALSE,EXPLICIT_FALSE,EXPLICIT_TRUE,DEFAULT_TRUE,FALSE,FALSE,FALSE,FALSE,MM_ONLY,"Diagnostic generated record"
asa-foetida,,,,plant,materiaMedicaPartX.ts,NONE,,NO_MATCH,FALSE,NONE,NONE,EXPLICIT_TRUE,EXPLICIT_TRUE,EXPLICIT_TRUE,DEFAULT_TRUE,FALSE,FALSE,FALSE,FALSE,MM_ONLY,"Diagnostic generated record"
asarum-europaeum,,,,plant,materiaMedicaPartX.ts,NONE,,NO_MATCH,TRUE,asarum-europaeum,asarum-europaeum,EXPLICIT_TRUE,EXPLICIT_TRUE,EXPLICIT_TRUE,DEFAULT_TRUE,FALSE,DATASET_PRESENCE,FALSE,TRUE,PARTIALLY_LINKED,"Diagnostic generated record"
asclepias-cornuti,,,,plant,materiaMedicaPartX.ts,NONE,,NO_MATCH,FALSE,NONE,NONE,EXPLICIT_FALSE,EXPLICIT_FALSE,EXPLICIT_TRUE,DEFAULT_TRUE,FALSE,FALSE,FALSE,FALSE,MM_ONLY,"Diagnostic generated record"
asclepias-incarnata,,,,plant,materiaMedicaPartX.ts,NONE,,NO_MATCH,FALSE,NONE,NONE,EXPLICIT_FALSE,EXPLICIT_FALSE,EXPLICIT_FALSE,EXPLICIT_TRUE,FALSE,FALSE,FALSE,FALSE,MM_ONLY,"Diagnostic generated record"
asclepias-tuberosa,,,,plant,materiaMedicaPartX.ts,NONE,,NO_MATCH,FALSE,NONE,NONE,EXPLICIT_FALSE,EXPLICIT_FALSE,EXPLICIT_TRUE,DEFAULT_TRUE,FALSE,FALSE,FALSE,FALSE,MM_ONLY,"Diagnostic generated record"
asparagus-officinalis,,,,plant,materiaMedicaPartX.ts,NONE,,NO_MATCH,FALSE,NONE,NONE,EXPLICIT_FALSE,EXPLICIT_FALSE,EXPLICIT_TRUE,DEFAULT_TRUE,DATASET_PRESENCE,DATASET_PRESENCE,TRUE,TRUE,PARTIALLY_LINKED,"Diagnostic generated record"
asperula-odorata,,,,plant,materiaMedicaPartX.ts,NONE,,NO_MATCH,FALSE,NONE,NONE,EXPLICIT_FALSE,EXPLICIT_FALSE,EXPLICIT_FALSE,EXPLICIT_TRUE,FALSE,FALSE,FALSE,FALSE,MM_ONLY,"Diagnostic generated record"
aspidium-filix-mas,,,,plant,materiaMedicaPartX.ts,NONE,,NO_MATCH,FALSE,NONE,NONE,EXPLICIT_FALSE,EXPLICIT_FALSE,EXPLICIT_FALSE,EXPLICIT_TRUE,FALSE,FALSE,FALSE,FALSE,MM_ONLY,"Diagnostic generated record"
aspidosperma-quebracho,,,,plant,materiaMedicaPartX.ts,NONE,,NO_MATCH,FALSE,NONE,NONE,EXPLICIT_FALSE,EXPLICIT_FALSE,EXPLICIT_FALSE,EXPLICIT_TRUE,FALSE,FALSE,FALSE,FALSE,MM_ONLY,"Diagnostic generated record"
astacus-fluviatilis,,,,animal,materiaMedicaPartX.ts,NONE,,NO_MATCH,FALSE,NONE,NONE,EXPLICIT_FALSE,EXPLICIT_FALSE,EXPLICIT_TRUE,DEFAULT_TRUE,FALSE,FALSE,FALSE,FALSE,MM_ONLY,"Diagnostic generated record"
asterias-rubens,,,,animal,materiaMedicaPartX.ts,NONE,,NO_MATCH,FALSE,NONE,NONE,EXPLICIT_FALSE,EXPLICIT_TRUE,EXPLICIT_TRUE,DEFAULT_TRUE,FALSE,DATASET_PRESENCE,FALSE,TRUE,PARTIALLY_LINKED,"Diagnostic generated record"
belladonna,,,,plant,materiaMedicaPartX.ts,NONE,,NO_MATCH,TRUE,belladonna,belladonna,EXPLICIT_TRUE,EXPLICIT_TRUE,EXPLICIT_TRUE,DEFAULT_TRUE,DATASET_PRESENCE,DATASET_PRESENCE,TRUE,TRUE,PARTIALLY_LINKED,"Diagnostic generated record"
atropinum-sulfuricum,,,,plant,materiaMedicaPartX.ts,NONE,,NO_MATCH,FALSE,NONE,NONE,EXPLICIT_FALSE,EXPLICIT_FALSE,EXPLICIT_TRUE,DEFAULT_TRUE,DATASET_PRESENCE,FALSE,TRUE,FALSE,PARTIALLY_LINKED,"Diagnostic generated record"
aurum-arsenicosum,,,,mineral,materiaMedicaPartX.ts,NONE,,NO_MATCH,FALSE,NONE,NONE,EXPLICIT_FALSE,EXPLICIT_TRUE,EXPLICIT_FALSE,DEFAULT_TRUE,FALSE,FALSE,FALSE,FALSE,MM_ONLY,"Diagnostic generated record"
aurum-bromatum,,,,mineral,materiaMedicaPartX.ts,NONE,,NO_MATCH,FALSE,NONE,NONE,EXPLICIT_FALSE,EXPLICIT_FALSE,EXPLICIT_TRUE,DEFAULT_TRUE,FALSE,FALSE,FALSE,FALSE,MM_ONLY,"Diagnostic generated record"
aurum-iodatum,,,,mineral,materiaMedicaPartX.ts,NONE,,NO_MATCH,FALSE,NONE,NONE,EXPLICIT_FALSE,EXPLICIT_TRUE,EXPLICIT_TRUE,DEFAULT_TRUE,FALSE,FALSE,FALSE,FALSE,MM_ONLY,"Diagnostic generated record"
aurum-metallicum,,,,mineral,materiaMedicaPartX.ts,NONE,,NO_MATCH,TRUE,aurum-metallicum,aurum-metallicum,EXPLICIT_TRUE,EXPLICIT_TRUE,EXPLICIT_TRUE,DEFAULT_TRUE,DATASET_PRESENCE,DATASET_PRESENCE,TRUE,TRUE,PARTIALLY_LINKED,"Diagnostic generated record"
aurum-muriaticum,,,,mineral,materiaMedicaPartX.ts,NONE,,NO_MATCH,FALSE,NONE,NONE,EXPLICIT_FALSE,EXPLICIT_TRUE,EXPLICIT_TRUE,DEFAULT_TRUE,FALSE,FALSE,FALSE,FALSE,MM_ONLY,"Diagnostic generated record"
aurum-muriaticum-kalinatum,,,,mineral,materiaMedicaPartX.ts,NONE,,NO_MATCH,FALSE,NONE,NONE,EXPLICIT_FALSE,EXPLICIT_FALSE,EXPLICIT_TRUE,DEFAULT_TRUE,FALSE,FALSE,FALSE,FALSE,MM_ONLY,"Diagnostic generated record"
aurum-muriaticum-natronatum,,,,mineral,materiaMedicaPartX.ts,NONE,,NO_MATCH,TRUE,aurum-muriaticum-natronatum,aurum-muriaticum-natronatum,EXPLICIT_FALSE,EXPLICIT_TRUE,EXPLICIT_TRUE,DEFAULT_TRUE,FALSE,FALSE,FALSE,FALSE,PARTIALLY_LINKED,"Diagnostic generated record"
aurum-sulfuratum,,,,mineral,materiaMedicaPartX.ts,NONE,,NO_MATCH,FALSE,NONE,NONE,EXPLICIT_FALSE,EXPLICIT_TRUE,EXPLICIT_TRUE,DEFAULT_TRUE,DATASET_PRESENCE,FALSE,TRUE,FALSE,PARTIALLY_LINKED,"Diagnostic generated record"
avena-sativa,,,,plant,materiaMedicaPartX.ts,NONE,,NO_MATCH,FALSE,NONE,NONE,EXPLICIT_TRUE,EXPLICIT_TRUE,EXPLICIT_TRUE,DEFAULT_TRUE,FALSE,FALSE,FALSE,FALSE,MM_ONLY,"Diagnostic generated record"
azadirachta-indica,,,,plant,materiaMedicaPartX.ts,NONE,,NO_MATCH,FALSE,NONE,NONE,EXPLICIT_FALSE,EXPLICIT_FALSE,EXPLICIT_FALSE,EXPLICIT_TRUE,FALSE,FALSE,FALSE,FALSE,MM_ONLY,"Diagnostic generated record"
baccharis-cordifolia,,,,plant,materiaMedicaPartX.ts,NONE,,NO_MATCH,FALSE,NONE,NONE,EXPLICIT_FALSE,EXPLICIT_FALSE,EXPLICIT_FALSE,EXPLICIT_TRUE,FALSE,FALSE,FALSE,FALSE,MM_ONLY,"Diagnostic generated record"
bacillinum,,,,nosode,materiaMedicaPartX.ts,NONE,,NO_MATCH,FALSE,NONE,NONE,EXPLICIT_TRUE,EXPLICIT_TRUE,EXPLICIT_TRUE,DEFAULT_TRUE,FALSE,FALSE,FALSE,FALSE,MM_ONLY,"Diagnostic generated record"
badiaga,,,,animal,materiaMedicaPartX.ts,NONE,,NO_MATCH,FALSE,NONE,NONE,EXPLICIT_FALSE,EXPLICIT_TRUE,EXPLICIT_TRUE,DEFAULT_TRUE,FALSE,FALSE,FALSE,FALSE,MM_ONLY,"Diagnostic generated record"
balsamum-peruvianum,,,,plant,materiaMedicaPartX.ts,NONE,,NO_MATCH,FALSE,NONE,NONE,EXPLICIT_FALSE,EXPLICIT_FALSE,EXPLICIT_TRUE,DEFAULT_TRUE,FALSE,FALSE,FALSE,FALSE,MM_ONLY,"Diagnostic generated record"
balsamum-tolutanum,,,,plant,materiaMedicaPartX.ts,NONE,,NO_MATCH,FALSE,NONE,NONE,EXPLICIT_FALSE,EXPLICIT_FALSE,EXPLICIT_FALSE,EXPLICIT_TRUE,FALSE,FALSE,FALSE,FALSE,MM_ONLY,"Diagnostic generated record"
baptisia-tinctoria,,,,plant,materiaMedicaPartX.ts,NONE,,NO_MATCH,TRUE,baptisia-tinctoria,baptisia-tinctoria,EXPLICIT_FALSE,EXPLICIT_TRUE,EXPLICIT_TRUE,DEFAULT_TRUE,FALSE,DATASET_PRESENCE,FALSE,TRUE,PARTIALLY_LINKED,"Diagnostic generated record"
barosma-crenata,,,,plant,materiaMedicaPartX.ts,NONE,,NO_MATCH,FALSE,NONE,NONE,EXPLICIT_FALSE,EXPLICIT_FALSE,EXPLICIT_FALSE,EXPLICIT_TRUE,FALSE,FALSE,FALSE,FALSE,MM_ONLY,"Diagnostic generated record"
baryta-acetica,,,,mineral,materiaMedicaPartX.ts,NONE,,NO_MATCH,FALSE,NONE,NONE,EXPLICIT_TRUE,EXPLICIT_FALSE,EXPLICIT_TRUE,DEFAULT_TRUE,FALSE,FALSE,FALSE,FALSE,MM_ONLY,"Diagnostic generated record"
baryta-carbonica,,,,mineral,materiaMedicaPartX.ts,NONE,,NO_MATCH,TRUE,baryta-carbonica,baryta-carbonica,EXPLICIT_TRUE,EXPLICIT_TRUE,EXPLICIT_TRUE,DEFAULT_TRUE,DATASET_PRESENCE,DATASET_PRESENCE,TRUE,TRUE,PARTIALLY_LINKED,"Diagnostic generated record"
baryta-iodata,,,,mineral,materiaMedicaPartX.ts,NONE,,NO_MATCH,FALSE,NONE,NONE,EXPLICIT_FALSE,EXPLICIT_TRUE,EXPLICIT_TRUE,DEFAULT_TRUE,FALSE,FALSE,FALSE,FALSE,MM_ONLY,"Diagnostic generated record"
baryta-muriatica,,,,mineral,materiaMedicaPartX.ts,NONE,,NO_MATCH,FALSE,NONE,NONE,EXPLICIT_FALSE,EXPLICIT_TRUE,EXPLICIT_TRUE,DEFAULT_TRUE,FALSE,FALSE,FALSE,FALSE,MM_ONLY,"Diagnostic generated record"
bellis-perennis,,,,plant,materiaMedicaPartX.ts,NONE,,NO_MATCH,FALSE,NONE,NONE,EXPLICIT_TRUE,EXPLICIT_TRUE,EXPLICIT_TRUE,DEFAULT_TRUE,FALSE,FALSE,FALSE,FALSE,MM_ONLY,"Diagnostic generated record"
benzinum,,,,mineral,materiaMedicaPartX.ts,NONE,,NO_MATCH,FALSE,NONE,NONE,EXPLICIT_FALSE,EXPLICIT_FALSE,EXPLICIT_TRUE,DEFAULT_TRUE,FALSE,FALSE,FALSE,FALSE,MM_ONLY,"Diagnostic generated record"
benzinum-dinitricum,,,,mineral,materiaMedicaPartX.ts,NONE,,NO_MATCH,FALSE,NONE,NONE,EXPLICIT_FALSE,EXPLICIT_FALSE,EXPLICIT_TRUE,DEFAULT_TRUE,FALSE,FALSE,FALSE,FALSE,MM_ONLY,"Diagnostic generated record"
berberis-aquifolium,,,,plant,materiaMedicaPartX.ts,NONE,,NO_MATCH,FALSE,NONE,NONE,EXPLICIT_FALSE,EXPLICIT_FALSE,EXPLICIT_TRUE,DEFAULT_TRUE,FALSE,FALSE,FALSE,FALSE,MM_ONLY,"Diagnostic generated record"
berberis-vulgaris,,,,plant,materiaMedicaPartX.ts,NONE,,NO_MATCH,TRUE,berberis-vulgaris,berberis-vulgaris,EXPLICIT_FALSE,EXPLICIT_TRUE,EXPLICIT_TRUE,DEFAULT_TRUE,FALSE,DATASET_PRESENCE,FALSE,TRUE,PARTIALLY_LINKED,"Diagnostic generated record"
beta-vulgaris,,,,plant,materiaMedicaPartX.ts,NONE,,NO_MATCH,FALSE,NONE,NONE,EXPLICIT_FALSE,EXPLICIT_FALSE,EXPLICIT_FALSE,EXPLICIT_TRUE,FALSE,FALSE,FALSE,FALSE,MM_ONLY,"Diagnostic generated record"
betonica-aquatica,,,,plant,materiaMedicaPartX.ts,NONE,,NO_MATCH,FALSE,NONE,NONE,EXPLICIT_FALSE,EXPLICIT_FALSE,EXPLICIT_FALSE,EXPLICIT_TRUE,FALSE,FALSE,FALSE,FALSE,MM_ONLY,"Diagnostic generated record"
bismuthum-subnitricum,,,,mineral,materiaMedicaPartX.ts,NONE,,NO_MATCH,FALSE,NONE,NONE,EXPLICIT_TRUE,EXPLICIT_TRUE,EXPLICIT_TRUE,DEFAULT_TRUE,FALSE,DATASET_PRESENCE,FALSE,TRUE,PARTIALLY_LINKED,"Diagnostic generated record"
blatta-americana,,,,animal,materiaMedicaPartX.ts,NONE,,NO_MATCH,FALSE,NONE,NONE,EXPLICIT_FALSE,EXPLICIT_FALSE,EXPLICIT_TRUE,DEFAULT_TRUE,FALSE,FALSE,FALSE,FALSE,MM_ONLY,"Diagnostic generated record"
blatta-orientalis,,,,animal,materiaMedicaPartX.ts,NONE,,NO_MATCH,FALSE,NONE,NONE,EXPLICIT_FALSE,EXPLICIT_FALSE,EXPLICIT_TRUE,DEFAULT_TRUE,FALSE,FALSE,FALSE,FALSE,MM_ONLY,"Diagnostic generated record"
boldo,,,,plant,materiaMedicaPartX.ts,NONE,,NO_MATCH,FALSE,NONE,NONE,EXPLICIT_FALSE,EXPLICIT_FALSE,EXPLICIT_TRUE,DEFAULT_TRUE,FALSE,FALSE,FALSE,FALSE,MM_ONLY,"Diagnostic generated record"
boletus-laricis,,,,plant,materiaMedicaPartX.ts,NONE,,NO_MATCH,FALSE,NONE,NONE,EXPLICIT_FALSE,EXPLICIT_FALSE,EXPLICIT_FALSE,EXPLICIT_TRUE,FALSE,FALSE,FALSE,FALSE,MM_ONLY,"Diagnostic generated record"
borago-officinalis,,,,plant,materiaMedicaPartX.ts,NONE,,NO_MATCH,FALSE,NONE,NONE,EXPLICIT_FALSE,EXPLICIT_FALSE,EXPLICIT_FALSE,EXPLICIT_TRUE,DATASET_PRESENCE,DATASET_PRESENCE,TRUE,TRUE,PARTIALLY_LINKED,"Diagnostic generated record"
borax-veneta,,,,mineral,materiaMedicaPartX.ts,NONE,,NO_MATCH,FALSE,NONE,NONE,EXPLICIT_TRUE,EXPLICIT_TRUE,EXPLICIT_TRUE,DEFAULT_TRUE,DATASET_PRESENCE,DATASET_PRESENCE,TRUE,TRUE,PARTIALLY_LINKED,"Diagnostic generated record"
bothrops-lanceolatus,,,,animal,materiaMedicaPartX.ts,NONE,,NO_MATCH,FALSE,NONE,NONE,EXPLICIT_FALSE,EXPLICIT_FALSE,EXPLICIT_TRUE,DEFAULT_TRUE,FALSE,FALSE,FALSE,FALSE,MM_ONLY,"Diagnostic generated record"
botulinum,,,,nosode,materiaMedicaPartX.ts,NONE,,NO_MATCH,FALSE,NONE,NONE,EXPLICIT_FALSE,EXPLICIT_FALSE,EXPLICIT_FALSE,EXPLICIT_TRUE,FALSE,FALSE,FALSE,FALSE,MM_ONLY,"Diagnostic generated record"
bovista-gigantea,,,,plant,materiaMedicaPartX.ts,NONE,,NO_MATCH,FALSE,NONE,NONE,EXPLICIT_FALSE,EXPLICIT_FALSE,EXPLICIT_FALSE,EXPLICIT_TRUE,DATASET_PRESENCE,DATASET_PRESENCE,TRUE,TRUE,PARTIALLY_LINKED,"Diagnostic generated record"
bovista-lycoperdon,,,,plant,materiaMedicaPartX.ts,NONE,,NO_MATCH,FALSE,NONE,NONE,EXPLICIT_TRUE,EXPLICIT_TRUE,EXPLICIT_TRUE,DEFAULT_TRUE,DATASET_PRESENCE,DATASET_PRESENCE,TRUE,TRUE,PARTIALLY_LINKED,"Diagnostic generated record"
brachyglottis-repens,,,,plant,materiaMedicaPartX.ts,NONE,,NO_MATCH,FALSE,NONE,NONE,EXPLICIT_FALSE,EXPLICIT_FALSE,EXPLICIT_TRUE,DEFAULT_TRUE,FALSE,FALSE,FALSE,FALSE,MM_ONLY,"Diagnostic generated record"
bromium,,,,mineral,materiaMedicaPartX.ts,NONE,,NO_MATCH,TRUE,bromium,bromium,EXPLICIT_FALSE,EXPLICIT_TRUE,EXPLICIT_TRUE,DEFAULT_TRUE,DATASET_PRESENCE,DATASET_PRESENCE,TRUE,TRUE,PARTIALLY_LINKED,"Diagnostic generated record"
bryonia-alba,,,,plant,materiaMedicaPartX.ts,bryonia-alba,,EXACT_NAME,TRUE,bryonia-alba,bryonia-alba,EXPLICIT_TRUE,EXPLICIT_TRUE,EXPLICIT_TRUE,DEFAULT_TRUE,DATASET_PRESENCE,DATASET_PRESENCE,TRUE,TRUE,FULLY_LINKED,"Diagnostic generated record"
bufo-rana,,,,animal,materiaMedicaPartX.ts,NONE,,NO_MATCH,FALSE,NONE,NONE,EXPLICIT_FALSE,EXPLICIT_TRUE,EXPLICIT_TRUE,DEFAULT_TRUE,FALSE,FALSE,FALSE,FALSE,MM_ONLY,"Diagnostic generated record"
buxus-sempervirens,,,,plant,materiaMedicaPartX.ts,NONE,,NO_MATCH,FALSE,NONE,NONE,EXPLICIT_FALSE,EXPLICIT_FALSE,EXPLICIT_FALSE,EXPLICIT_TRUE,FALSE,FALSE,FALSE,FALSE,MM_ONLY,"Diagnostic generated record"
cactus-grandiflorus,,,,plant,materiaMedicaPartX.ts,NONE,,NO_MATCH,FALSE,NONE,NONE,EXPLICIT_FALSE,EXPLICIT_TRUE,EXPLICIT_TRUE,DEFAULT_TRUE,FALSE,DATASET_PRESENCE,FALSE,TRUE,PARTIALLY_LINKED,"Diagnostic generated record"
cadmium-metallicum,,,,mineral,materiaMedicaPartX.ts,NONE,,NO_MATCH,FALSE,NONE,NONE,EXPLICIT_FALSE,EXPLICIT_FALSE,EXPLICIT_TRUE,DEFAULT_TRUE,FALSE,FALSE,FALSE,FALSE,MM_ONLY,"Diagnostic generated record"
cadmium-sulfuratum,,,,mineral,materiaMedicaPartX.ts,NONE,,NO_MATCH,FALSE,NONE,NONE,EXPLICIT_FALSE,EXPLICIT_TRUE,EXPLICIT_TRUE,DEFAULT_TRUE,DATASET_PRESENCE,FALSE,TRUE,FALSE,PARTIALLY_LINKED,"Diagnostic generated record"
cahinca,,,,plant,materiaMedicaPartX.ts,NONE,,NO_MATCH,FALSE,NONE,NONE,EXPLICIT_FALSE,EXPLICIT_FALSE,EXPLICIT_FALSE,EXPLICIT_TRUE,FALSE,FALSE,FALSE,FALSE,MM_ONLY,"Diagnostic generated record"
cainca,,,,plant,materiaMedicaPartX.ts,NONE,,NO_MATCH,FALSE,NONE,NONE,EXPLICIT_FALSE,EXPLICIT_FALSE,EXPLICIT_TRUE,DEFAULT_TRUE,FALSE,FALSE,FALSE,FALSE,MM_ONLY,"Diagnostic generated record"
cajuputum,,,,plant,materiaMedicaPartX.ts,NONE,,NO_MATCH,FALSE,NONE,NONE,EXPLICIT_FALSE,EXPLICIT_FALSE,EXPLICIT_FALSE,EXPLICIT_TRUE,FALSE,FALSE,FALSE,FALSE,MM_ONLY,"Diagnostic generated record"
caladium-seguinum,,,,plant,materiaMedicaPartX.ts,NONE,,NO_MATCH,FALSE,NONE,NONE,EXPLICIT_FALSE,EXPLICIT_TRUE,EXPLICIT_TRUE,DEFAULT_TRUE,DATASET_PRESENCE,DATASET_PRESENCE,TRUE,TRUE,PARTIALLY_LINKED,"Diagnostic generated record"
calcarea-arsenicosa,,,,mineral,materiaMedicaPartX.ts,NONE,,NO_MATCH,FALSE,NONE,NONE,EXPLICIT_FALSE,EXPLICIT_TRUE,EXPLICIT_TRUE,DEFAULT_TRUE,FALSE,DATASET_PRESENCE,FALSE,TRUE,PARTIALLY_LINKED,"Diagnostic generated record"
calcarea-carbonica,,,,mineral,materiaMedicaPartX.ts,NONE,,NO_MATCH,TRUE,calcarea-carbonica,calcarea-carbonica,EXPLICIT_TRUE,EXPLICIT_TRUE,EXPLICIT_TRUE,DEFAULT_TRUE,DATASET_PRESENCE,DATASET_PRESENCE,TRUE,TRUE,PARTIALLY_LINKED,"Diagnostic generated record"
calcarea-fluorica,,,,mineral,materiaMedicaPartX.ts,NONE,,NO_MATCH,FALSE,NONE,NONE,EXPLICIT_TRUE,EXPLICIT_TRUE,EXPLICIT_TRUE,DEFAULT_TRUE,FALSE,FALSE,FALSE,FALSE,MM_ONLY,"Diagnostic generated record"
calcarea-hypophosphorosa,,,,mineral,materiaMedicaPartX.ts,NONE,,NO_MATCH,FALSE,NONE,NONE,EXPLICIT_FALSE,EXPLICIT_FALSE,EXPLICIT_TRUE,DEFAULT_TRUE,FALSE,FALSE,FALSE,FALSE,MM_ONLY,"Diagnostic generated record"
calcarea-iodata,,,,mineral,materiaMedicaPartX.ts,NONE,,NO_MATCH,FALSE,NONE,NONE,EXPLICIT_FALSE,EXPLICIT_TRUE,EXPLICIT_TRUE,DEFAULT_TRUE,FALSE,FALSE,FALSE,FALSE,MM_ONLY,"Diagnostic generated record"
calcarea-phosphorica,,,,mineral,materiaMedicaPartX.ts,NONE,,NO_MATCH,TRUE,calcarea-phosphorica,calcarea-phosphorica,EXPLICIT_TRUE,EXPLICIT_TRUE,EXPLICIT_TRUE,DEFAULT_TRUE,DATASET_PRESENCE,DATASET_PRESENCE,TRUE,TRUE,PARTIALLY_LINKED,"Diagnostic generated record"
calcarea-silicata,,,,mineral,materiaMedicaPartX.ts,NONE,,NO_MATCH,FALSE,NONE,NONE,EXPLICIT_FALSE,EXPLICIT_TRUE,EXPLICIT_FALSE,DEFAULT_TRUE,FALSE,FALSE,FALSE,FALSE,MM_ONLY,"Diagnostic generated record"
calcarea-sulfurica,,,,mineral,materiaMedicaPartX.ts,NONE,,NO_MATCH,FALSE,NONE,NONE,EXPLICIT_FALSE,EXPLICIT_TRUE,EXPLICIT_TRUE,DEFAULT_TRUE,DATASET_PRESENCE,FALSE,TRUE,FALSE,PARTIALLY_LINKED,"Diagnostic generated record"
calendula-officinalis,,,,plant,materiaMedicaPartX.ts,NONE,,NO_MATCH,FALSE,NONE,NONE,EXPLICIT_TRUE,EXPLICIT_TRUE,EXPLICIT_TRUE,DEFAULT_TRUE,DATASET_PRESENCE,DATASET_PRESENCE,TRUE,TRUE,PARTIALLY_LINKED,"Diagnostic generated record"
calluna-vulgaris,,,,plant,materiaMedicaPartX.ts,NONE,,NO_MATCH,FALSE,NONE,NONE,EXPLICIT_FALSE,EXPLICIT_FALSE,EXPLICIT_FALSE,EXPLICIT_TRUE,FALSE,FALSE,FALSE,FALSE,MM_ONLY,"Diagnostic generated record"
calotropis-gigantea,,,,plant,materiaMedicaPartX.ts,NONE,,NO_MATCH,FALSE,NONE,NONE,EXPLICIT_FALSE,EXPLICIT_FALSE,EXPLICIT_TRUE,DEFAULT_TRUE,FALSE,FALSE,FALSE,FALSE,MM_ONLY,"Diagnostic generated record"
caltha-palustris,,,,plant,materiaMedicaPartX.ts,NONE,,NO_MATCH,FALSE,NONE,NONE,EXPLICIT_FALSE,EXPLICIT_FALSE,EXPLICIT_FALSE,EXPLICIT_TRUE,FALSE,FALSE,FALSE,FALSE,MM_ONLY,"Diagnostic generated record"
canchalagua,,,,plant,materiaMedicaPartX.ts,NONE,,NO_MATCH,FALSE,NONE,NONE,EXPLICIT_FALSE,EXPLICIT_FALSE,EXPLICIT_FALSE,EXPLICIT_TRUE,FALSE,FALSE,FALSE,FALSE,MM_ONLY,"Diagnostic generated record"
canna-angustifolia,,,,plant,materiaMedicaPartX.ts,NONE,,NO_MATCH,FALSE,NONE,NONE,EXPLICIT_FALSE,EXPLICIT_FALSE,EXPLICIT_FALSE,EXPLICIT_TRUE,FALSE,FALSE,FALSE,FALSE,MM_ONLY,"Diagnostic generated record"
cannabis-indica,,,,plant,materiaMedicaPartX.ts,NONE,,NO_MATCH,FALSE,NONE,NONE,EXPLICIT_FALSE,EXPLICIT_TRUE,EXPLICIT_TRUE,DEFAULT_TRUE,DATASET_PRESENCE,DATASET_PRESENCE,TRUE,TRUE,PARTIALLY_LINKED,"Diagnostic generated record"
cannabis-sativa,,,,plant,materiaMedicaPartX.ts,NONE,,NO_MATCH,TRUE,cannabis-sativa,cannabis-sativa,EXPLICIT_TRUE,EXPLICIT_TRUE,EXPLICIT_TRUE,DEFAULT_TRUE,FALSE,DATASET_PRESENCE,FALSE,TRUE,PARTIALLY_LINKED,"Diagnostic generated record"
cantharis-vesicatoria,,,,animal,materiaMedicaPartX.ts,NONE,,NO_MATCH,FALSE,NONE,NONE,EXPLICIT_FALSE,EXPLICIT_TRUE,EXPLICIT_TRUE,DEFAULT_TRUE,DATASET_PRESENCE,DATASET_PRESENCE,TRUE,TRUE,PARTIALLY_LINKED,"Diagnostic generated record"
capsella-bursa-pastoris,,,,plant,materiaMedicaPartX.ts,NONE,,NO_MATCH,FALSE,NONE,NONE,EXPLICIT_FALSE,EXPLICIT_FALSE,EXPLICIT_FALSE,EXPLICIT_TRUE,FALSE,FALSE,FALSE,FALSE,MM_ONLY,"Diagnostic generated record"
capsicum-annuum,,,,plant,materiaMedicaPartX.ts,NONE,,NO_MATCH,FALSE,NONE,NONE,EXPLICIT_TRUE,EXPLICIT_TRUE,EXPLICIT_TRUE,DEFAULT_TRUE,DATASET_PRESENCE,DATASET_PRESENCE,TRUE,TRUE,PARTIALLY_LINKED,"Diagnostic generated record"
ipecacuanha,,,,plant,materiaMedicaPartX.ts,NONE,,NO_MATCH,FALSE,NONE,NONE,EXPLICIT_TRUE,EXPLICIT_TRUE,EXPLICIT_TRUE,DEFAULT_TRUE,DATASET_PRESENCE,DATASET_PRESENCE,TRUE,TRUE,PARTIALLY_LINKED,"Diagnostic generated record"
carbo-animalis,,,,animal,materiaMedicaPartX.ts,NONE,,NO_MATCH,TRUE,carbo-animalis,carbo-animalis,EXPLICIT_TRUE,EXPLICIT_TRUE,EXPLICIT_TRUE,DEFAULT_TRUE,DATASET_PRESENCE,DATASET_PRESENCE,TRUE,TRUE,PARTIALLY_LINKED,"Diagnostic generated record"
carbo-vegetabilis,,,,plant,materiaMedicaPartX.ts,NONE,,NO_MATCH,TRUE,carbo-vegetabilis,carbo-vegetabilis,EXPLICIT_TRUE,EXPLICIT_TRUE,EXPLICIT_TRUE,DEFAULT_TRUE,DATASET_PRESENCE,DATASET_PRESENCE,TRUE,TRUE,PARTIALLY_LINKED,"Diagnostic generated record"
carbolicum-acidum,,,,acid,materiaMedicaPartX.ts,NONE,,NO_MATCH,FALSE,NONE,NONE,EXPLICIT_FALSE,EXPLICIT_TRUE,EXPLICIT_TRUE,DEFAULT_TRUE,FALSE,DATASET_PRESENCE,FALSE,TRUE,PARTIALLY_LINKED,"Diagnostic generated record"
carboneum-sulfuratum,,,,mineral,materiaMedicaPartX.ts,NONE,,NO_MATCH,FALSE,NONE,NONE,EXPLICIT_FALSE,EXPLICIT_TRUE,EXPLICIT_TRUE,DEFAULT_TRUE,DATASET_PRESENCE,FALSE,TRUE,FALSE,PARTIALLY_LINKED,"Diagnostic generated record"
carduus-marianus,,,,plant,materiaMedicaPartX.ts,NONE,,NO_MATCH,FALSE,NONE,NONE,EXPLICIT_FALSE,EXPLICIT_TRUE,EXPLICIT_TRUE,DEFAULT_TRUE,FALSE,FALSE,FALSE,FALSE,MM_ONLY,"Diagnostic generated record"
carica-papaya,,,,plant,materiaMedicaPartX.ts,NONE,,NO_MATCH,FALSE,NONE,NONE,EXPLICIT_FALSE,EXPLICIT_FALSE,EXPLICIT_FALSE,EXPLICIT_TRUE,FALSE,FALSE,FALSE,FALSE,MM_ONLY,"Diagnostic generated record"
cascara-sagrada,,,,plant,materiaMedicaPartX.ts,NONE,,NO_MATCH,FALSE,NONE,NONE,EXPLICIT_FALSE,EXPLICIT_FALSE,EXPLICIT_FALSE,EXPLICIT_TRUE,FALSE,FALSE,FALSE,FALSE,MM_ONLY,"Diagnostic generated record"
cascarilla,,,,plant,materiaMedicaPartX.ts,NONE,,NO_MATCH,FALSE,NONE,NONE,EXPLICIT_FALSE,EXPLICIT_FALSE,EXPLICIT_FALSE,EXPLICIT_TRUE,FALSE,FALSE,FALSE,FALSE,MM_ONLY,"Diagnostic generated record"
cassia-sophera,,,,plant,materiaMedicaPartX.ts,NONE,,NO_MATCH,FALSE,NONE,NONE,EXPLICIT_FALSE,EXPLICIT_FALSE,EXPLICIT_FALSE,EXPLICIT_TRUE,FALSE,FALSE,FALSE,FALSE,MM_ONLY,"Diagnostic generated record"
castanea-vesca,,,,plant,materiaMedicaPartX.ts,NONE,,NO_MATCH,FALSE,NONE,NONE,EXPLICIT_FALSE,EXPLICIT_FALSE,EXPLICIT_TRUE,DEFAULT_TRUE,FALSE,FALSE,FALSE,FALSE,MM_ONLY,"Diagnostic generated record"
castor-equi,,,,animal,materiaMedicaPartX.ts,NONE,,NO_MATCH,FALSE,NONE,NONE,EXPLICIT_FALSE,EXPLICIT_FALSE,EXPLICIT_TRUE,DEFAULT_TRUE,FALSE,FALSE,FALSE,FALSE,MM_ONLY,"Diagnostic generated record"
castoreum,,,,animal,materiaMedicaPartX.ts,NONE,,NO_MATCH,FALSE,NONE,NONE,EXPLICIT_FALSE,EXPLICIT_FALSE,EXPLICIT_TRUE,DEFAULT_TRUE,FALSE,FALSE,FALSE,FALSE,MM_ONLY,"Diagnostic generated record"
caulophyllum-thalictroides,,,,plant,materiaMedicaPartX.ts,NONE,,NO_MATCH,FALSE,NONE,NONE,EXPLICIT_FALSE,EXPLICIT_TRUE,EXPLICIT_TRUE,DEFAULT_TRUE,FALSE,DATASET_PRESENCE,FALSE,TRUE,PARTIALLY_LINKED,"Diagnostic generated record"
causticum,,,,mineral,materiaMedicaPartX.ts,NONE,,NO_MATCH,TRUE,causticum,causticum,EXPLICIT_TRUE,EXPLICIT_TRUE,EXPLICIT_TRUE,DEFAULT_TRUE,DATASET_PRESENCE,DATASET_PRESENCE,TRUE,TRUE,PARTIALLY_LINKED,"Diagnostic generated record"
ceanothus-americanus,,,,plant,materiaMedicaPartX.ts,NONE,,NO_MATCH,FALSE,NONE,NONE,EXPLICIT_FALSE,EXPLICIT_TRUE,EXPLICIT_TRUE,DEFAULT_TRUE,FALSE,FALSE,FALSE,FALSE,MM_ONLY,"Diagnostic generated record"
cedron,,,,plant,materiaMedicaPartX.ts,NONE,,NO_MATCH,FALSE,NONE,NONE,EXPLICIT_FALSE,EXPLICIT_TRUE,EXPLICIT_TRUE,DEFAULT_TRUE,FALSE,FALSE,FALSE,FALSE,MM_ONLY,"Diagnostic generated record"
cenchris-contortrix,,,,animal,materiaMedicaPartX.ts,NONE,,NO_MATCH,FALSE,NONE,NONE,EXPLICIT_FALSE,EXPLICIT_TRUE,EXPLICIT_TRUE,DEFAULT_TRUE,FALSE,FALSE,FALSE,FALSE,MM_ONLY,"Diagnostic generated record"
centaurea-cyanus,,,,plant,materiaMedicaPartX.ts,NONE,,NO_MATCH,FALSE,NONE,NONE,EXPLICIT_FALSE,EXPLICIT_FALSE,EXPLICIT_FALSE,EXPLICIT_TRUE,FALSE,FALSE,FALSE,FALSE,MM_ONLY,"Diagnostic generated record"
centaurium-erythraea,,,,plant,materiaMedicaPartX.ts,NONE,,NO_MATCH,FALSE,NONE,NONE,EXPLICIT_FALSE,EXPLICIT_FALSE,EXPLICIT_FALSE,EXPLICIT_TRUE,FALSE,FALSE,FALSE,FALSE,MM_ONLY,"Diagnostic generated record"
centranthus-ruber,,,,plant,materiaMedicaPartX.ts,NONE,,NO_MATCH,FALSE,NONE,NONE,EXPLICIT_FALSE,EXPLICIT_FALSE,EXPLICIT_TRUE,DEFAULT_TRUE,FALSE,FALSE,FALSE,FALSE,MM_ONLY,"Diagnostic generated record"
cephalandra-indica,,,,plant,materiaMedicaPartX.ts,NONE,,NO_MATCH,FALSE,NONE,NONE,EXPLICIT_FALSE,EXPLICIT_FALSE,EXPLICIT_FALSE,EXPLICIT_TRUE,FALSE,FALSE,FALSE,FALSE,MM_ONLY,"Diagnostic generated record"
cetraria-islandica,,,,plant,materiaMedicaPartX.ts,NONE,,NO_MATCH,FALSE,NONE,NONE,EXPLICIT_FALSE,EXPLICIT_FALSE,EXPLICIT_FALSE,EXPLICIT_TRUE,FALSE,FALSE,FALSE,FALSE,MM_ONLY,"Diagnostic generated record"
chaparro-amargoso,,,,plant,materiaMedicaPartX.ts,NONE,,NO_MATCH,FALSE,NONE,NONE,EXPLICIT_FALSE,EXPLICIT_FALSE,EXPLICIT_FALSE,EXPLICIT_TRUE,FALSE,FALSE,FALSE,FALSE,MM_ONLY,"Diagnostic generated record"
cheiranthus-cheiri,,,,plant,materiaMedicaPartX.ts,NONE,,NO_MATCH,FALSE,NONE,NONE,EXPLICIT_FALSE,EXPLICIT_FALSE,EXPLICIT_FALSE,EXPLICIT_TRUE,FALSE,FALSE,FALSE,FALSE,MM_ONLY,"Diagnostic generated record"
chelidonium-majus,,,,plant,materiaMedicaPartX.ts,NONE,,NO_MATCH,TRUE,chelidonium-majus,chelidonium-majus,EXPLICIT_TRUE,EXPLICIT_TRUE,EXPLICIT_TRUE,DEFAULT_TRUE,DATASET_PRESENCE,DATASET_PRESENCE,TRUE,TRUE,PARTIALLY_LINKED,"Diagnostic generated record"
chelone-glabra,,,,plant,materiaMedicaPartX.ts,NONE,,NO_MATCH,FALSE,NONE,NONE,EXPLICIT_FALSE,EXPLICIT_FALSE,EXPLICIT_FALSE,EXPLICIT_TRUE,FALSE,FALSE,FALSE,FALSE,MM_ONLY,"Diagnostic generated record"
chenopodium-anthelminticum,,,,plant,materiaMedicaPartX.ts,NONE,,NO_MATCH,FALSE,NONE,NONE,EXPLICIT_FALSE,EXPLICIT_FALSE,EXPLICIT_TRUE,DEFAULT_TRUE,FALSE,FALSE,FALSE,FALSE,MM_ONLY,"Diagnostic generated record"
chimaphila-umbellata,,,,plant,materiaMedicaPartX.ts,NONE,,NO_MATCH,FALSE,NONE,NONE,EXPLICIT_FALSE,EXPLICIT_FALSE,EXPLICIT_TRUE,DEFAULT_TRUE,FALSE,FALSE,FALSE,FALSE,MM_ONLY,"Diagnostic generated record"
chininum-arsenicosum,,,,mineral,materiaMedicaPartX.ts,NONE,,NO_MATCH,FALSE,NONE,NONE,EXPLICIT_FALSE,EXPLICIT_TRUE,EXPLICIT_TRUE,DEFAULT_TRUE,FALSE,FALSE,FALSE,FALSE,MM_ONLY,"Diagnostic generated record"
chininum-sulfuricum,,,,mineral,materiaMedicaPartX.ts,NONE,,NO_MATCH,FALSE,NONE,NONE,EXPLICIT_FALSE,EXPLICIT_TRUE,EXPLICIT_TRUE,DEFAULT_TRUE,DATASET_PRESENCE,FALSE,TRUE,FALSE,PARTIALLY_LINKED,"Diagnostic generated record"
chionanthus-virginica,,,,plant,materiaMedicaPartX.ts,NONE,,NO_MATCH,FALSE,NONE,NONE,EXPLICIT_FALSE,EXPLICIT_FALSE,EXPLICIT_TRUE,DEFAULT_TRUE,FALSE,FALSE,FALSE,FALSE,MM_ONLY,"Diagnostic generated record"
chloralum-hydratum,,,,mineral,materiaMedicaPartX.ts,NONE,,NO_MATCH,FALSE,NONE,NONE,EXPLICIT_FALSE,EXPLICIT_FALSE,EXPLICIT_FALSE,EXPLICIT_TRUE,FALSE,FALSE,FALSE,FALSE,MM_ONLY,"Diagnostic generated record"
chlorum,,,,mineral,materiaMedicaPartX.ts,NONE,,NO_MATCH,FALSE,NONE,NONE,EXPLICIT_FALSE,EXPLICIT_FALSE,EXPLICIT_TRUE,DEFAULT_TRUE,FALSE,FALSE,FALSE,FALSE,MM_ONLY,"Diagnostic generated record"
cholesterinum,,,,nosode,materiaMedicaPartX.ts,NONE,,NO_MATCH,FALSE,NONE,NONE,EXPLICIT_FALSE,EXPLICIT_FALSE,EXPLICIT_FALSE,EXPLICIT_TRUE,FALSE,FALSE,FALSE,FALSE,MM_ONLY,"Diagnostic generated record"
cicuta-virosa,,,,plant,materiaMedicaPartX.ts,NONE,,NO_MATCH,FALSE,NONE,NONE,EXPLICIT_TRUE,EXPLICIT_TRUE,EXPLICIT_TRUE,DEFAULT_TRUE,DATASET_PRESENCE,DATASET_PRESENCE,TRUE,TRUE,PARTIALLY_LINKED,"Diagnostic generated record"
cimicifuga-racemosa,,,,plant,materiaMedicaPartX.ts,NONE,,NO_MATCH,FALSE,NONE,NONE,EXPLICIT_FALSE,EXPLICIT_TRUE,EXPLICIT_TRUE,DEFAULT_TRUE,FALSE,DATASET_PRESENCE,FALSE,TRUE,PARTIALLY_LINKED,"Diagnostic generated record"
china-officinalis,,,,plant,materiaMedicaPartX.ts,NONE,,NO_MATCH,TRUE,china-officinalis,china-officinalis,EXPLICIT_TRUE,EXPLICIT_TRUE,EXPLICIT_TRUE,DEFAULT_TRUE,DATASET_PRESENCE,DATASET_PRESENCE,TRUE,TRUE,PARTIALLY_LINKED,"Diagnostic generated record"
cineraria-maritima,,,,plant,materiaMedicaPartX.ts,NONE,,NO_MATCH,FALSE,NONE,NONE,EXPLICIT_FALSE,EXPLICIT_FALSE,EXPLICIT_FALSE,EXPLICIT_TRUE,FALSE,FALSE,FALSE,FALSE,MM_ONLY,"Diagnostic generated record"
cinnabaris,,,,mineral,materiaMedicaPartX.ts,NONE,,NO_MATCH,FALSE,NONE,NONE,EXPLICIT_TRUE,EXPLICIT_TRUE,EXPLICIT_TRUE,DEFAULT_TRUE,FALSE,FALSE,FALSE,FALSE,MM_ONLY,"Diagnostic generated record"
camphora,,,,plant,materiaMedicaPartX.ts,NONE,,NO_MATCH,TRUE,camphora,camphora,EXPLICIT_TRUE,EXPLICIT_TRUE,EXPLICIT_TRUE,DEFAULT_TRUE,DATASET_PRESENCE,DATASET_PRESENCE,TRUE,TRUE,PARTIALLY_LINKED,"Diagnostic generated record"
cinnamomum-ceylanicum,,,,plant,materiaMedicaPartX.ts,NONE,,NO_MATCH,FALSE,NONE,NONE,EXPLICIT_FALSE,EXPLICIT_FALSE,EXPLICIT_TRUE,DEFAULT_TRUE,FALSE,FALSE,FALSE,FALSE,MM_ONLY,"Diagnostic generated record"
cistus-canadensis,,,,plant,materiaMedicaPartX.ts,NONE,,NO_MATCH,FALSE,NONE,NONE,EXPLICIT_FALSE,EXPLICIT_TRUE,EXPLICIT_TRUE,DEFAULT_TRUE,FALSE,FALSE,FALSE,FALSE,MM_ONLY,"Diagnostic generated record"
colocynthis,,,,plant,materiaMedicaPartX.ts,NONE,,NO_MATCH,TRUE,colocynthis,colocynthis,EXPLICIT_TRUE,EXPLICIT_TRUE,EXPLICIT_TRUE,DEFAULT_TRUE,DATASET_PRESENCE,DATASET_PRESENCE,TRUE,TRUE,PARTIALLY_LINKED,"Diagnostic generated record"
clematis-erecta,,,,plant,materiaMedicaPartX.ts,NONE,,NO_MATCH,TRUE,clematis-erecta,clematis-erecta,EXPLICIT_TRUE,EXPLICIT_TRUE,EXPLICIT_TRUE,DEFAULT_TRUE,DATASET_PRESENCE,FALSE,TRUE,FALSE,PARTIALLY_LINKED,"Diagnostic generated record"
cobaltum-metallicum,,,,mineral,materiaMedicaPartX.ts,NONE,,NO_MATCH,FALSE,NONE,NONE,EXPLICIT_FALSE,EXPLICIT_FALSE,EXPLICIT_TRUE,DEFAULT_TRUE,FALSE,FALSE,FALSE,FALSE,MM_ONLY,"Diagnostic generated record"
coca,,,,plant,materiaMedicaPartX.ts,NONE,,NO_MATCH,FALSE,NONE,NONE,EXPLICIT_FALSE,EXPLICIT_TRUE,EXPLICIT_TRUE,DEFAULT_TRUE,FALSE,DATASET_PRESENCE,FALSE,TRUE,PARTIALLY_LINKED,"Diagnostic generated record"
coccus-cacti,,,,animal,materiaMedicaPartX.ts,NONE,,NO_MATCH,TRUE,coccus-cacti,coccus-cacti,EXPLICIT_FALSE,EXPLICIT_TRUE,EXPLICIT_TRUE,DEFAULT_TRUE,FALSE,FALSE,FALSE,FALSE,PARTIALLY_LINKED,"Diagnostic generated record"
cochlearia-armoracia,,,,plant,materiaMedicaPartX.ts,NONE,,NO_MATCH,FALSE,NONE,NONE,EXPLICIT_FALSE,EXPLICIT_FALSE,EXPLICIT_FALSE,EXPLICIT_TRUE,FALSE,FALSE,FALSE,FALSE,MM_ONLY,"Diagnostic generated record"
codeinum-purum,,,,plant,materiaMedicaPartX.ts,NONE,,NO_MATCH,FALSE,NONE,NONE,EXPLICIT_FALSE,EXPLICIT_FALSE,EXPLICIT_FALSE,EXPLICIT_TRUE,FALSE,FALSE,FALSE,FALSE,MM_ONLY,"Diagnostic generated record"
coffea-cruda,,,,plant,materiaMedicaPartX.ts,NONE,,NO_MATCH,TRUE,coffea-cruda,coffea-cruda,EXPLICIT_TRUE,EXPLICIT_TRUE,EXPLICIT_TRUE,DEFAULT_TRUE,DATASET_PRESENCE,DATASET_PRESENCE,TRUE,TRUE,PARTIALLY_LINKED,"Diagnostic generated record"
colchicum-autumnale,,,,plant,materiaMedicaPartX.ts,NONE,,NO_MATCH,TRUE,colchicum-autumnale,colchicum-autumnale,EXPLICIT_TRUE,EXPLICIT_TRUE,EXPLICIT_TRUE,DEFAULT_TRUE,DATASET_PRESENCE,DATASET_PRESENCE,TRUE,TRUE,PARTIALLY_LINKED,"Diagnostic generated record"
collinsonia-canadensis,,,,plant,materiaMedicaPartX.ts,NONE,,NO_MATCH,FALSE,NONE,NONE,EXPLICIT_FALSE,EXPLICIT_TRUE,EXPLICIT_TRUE,DEFAULT_TRUE,FALSE,DATASET_PRESENCE,FALSE,TRUE,PARTIALLY_LINKED,"Diagnostic generated record"
commelina-communis,,,,plant,materiaMedicaPartX.ts,NONE,,NO_MATCH,FALSE,NONE,NONE,EXPLICIT_FALSE,EXPLICIT_FALSE,EXPLICIT_FALSE,EXPLICIT_TRUE,FALSE,FALSE,FALSE,FALSE,MM_ONLY,"Diagnostic generated record"
comocladia-dentata,,,,plant,materiaMedicaPartX.ts,NONE,,NO_MATCH,FALSE,NONE,NONE,EXPLICIT_FALSE,EXPLICIT_FALSE,EXPLICIT_TRUE,DEFAULT_TRUE,FALSE,FALSE,FALSE,FALSE,MM_ONLY,"Diagnostic generated record"
condurango,,,,plant,materiaMedicaPartX.ts,NONE,,NO_MATCH,FALSE,NONE,NONE,EXPLICIT_FALSE,EXPLICIT_FALSE,EXPLICIT_FALSE,EXPLICIT_TRUE,FALSE,FALSE,FALSE,FALSE,MM_ONLY,"Diagnostic generated record"
conium-maculatum,,,,plant,materiaMedicaPartX.ts,NONE,,NO_MATCH,TRUE,conium-maculatum,conium-maculatum,EXPLICIT_TRUE,EXPLICIT_TRUE,EXPLICIT_TRUE,DEFAULT_TRUE,DATASET_PRESENCE,DATASET_PRESENCE,TRUE,TRUE,PARTIALLY_LINKED,"Diagnostic generated record"
convallaria-majalis,,,,plant,materiaMedicaPartX.ts,NONE,,NO_MATCH,FALSE,NONE,NONE,EXPLICIT_FALSE,EXPLICIT_FALSE,EXPLICIT_TRUE,DEFAULT_TRUE,FALSE,FALSE,FALSE,FALSE,MM_ONLY,"Diagnostic generated record"
copaiva-officinalis,,,,plant,materiaMedicaPartX.ts,NONE,,NO_MATCH,FALSE,NONE,NONE,EXPLICIT_FALSE,EXPLICIT_FALSE,EXPLICIT_TRUE,DEFAULT_TRUE,DATASET_PRESENCE,DATASET_PRESENCE,TRUE,TRUE,PARTIALLY_LINKED,"Diagnostic generated record"
corallium-rubrum,,,,animal,materiaMedicaPartX.ts,NONE,,NO_MATCH,FALSE,NONE,NONE,EXPLICIT_FALSE,EXPLICIT_FALSE,EXPLICIT_TRUE,DEFAULT_TRUE,FALSE,FALSE,FALSE,FALSE,MM_ONLY,"Diagnostic generated record"
cornus-circinata,,,,plant,materiaMedicaPartX.ts,NONE,,NO_MATCH,FALSE,NONE,NONE,EXPLICIT_FALSE,EXPLICIT_FALSE,EXPLICIT_TRUE,DEFAULT_TRUE,DATASET_PRESENCE,DATASET_PRESENCE,TRUE,TRUE,PARTIALLY_LINKED,"Diagnostic generated record"
cornus-florida,,,,plant,materiaMedicaPartX.ts,NONE,,NO_MATCH,FALSE,NONE,NONE,EXPLICIT_FALSE,EXPLICIT_FALSE,EXPLICIT_TRUE,DEFAULT_TRUE,FALSE,FALSE,FALSE,FALSE,MM_ONLY,"Diagnostic generated record"
corydalis-formosa,,,,plant,materiaMedicaPartX.ts,NONE,,NO_MATCH,FALSE,NONE,NONE,EXPLICIT_FALSE,EXPLICIT_FALSE,EXPLICIT_FALSE,EXPLICIT_TRUE,FALSE,FALSE,FALSE,FALSE,MM_ONLY,"Diagnostic generated record"
cotyledon-umbilicus,,,,plant,materiaMedicaPartX.ts,NONE,,NO_MATCH,FALSE,NONE,NONE,EXPLICIT_FALSE,EXPLICIT_FALSE,EXPLICIT_FALSE,EXPLICIT_TRUE,FALSE,FALSE,FALSE,FALSE,MM_ONLY,"Diagnostic generated record"
crataegus-oxyacantha,,,,plant,materiaMedicaPartX.ts,NONE,,NO_MATCH,FALSE,NONE,NONE,EXPLICIT_FALSE,EXPLICIT_FALSE,EXPLICIT_FALSE,EXPLICIT_TRUE,FALSE,FALSE,FALSE,FALSE,MM_ONLY,"Diagnostic generated record"
crocus-sativus,,,,plant,materiaMedicaPartX.ts,NONE,,NO_MATCH,FALSE,NONE,NONE,EXPLICIT_TRUE,EXPLICIT_TRUE,EXPLICIT_TRUE,DEFAULT_TRUE,DATASET_PRESENCE,DATASET_PRESENCE,TRUE,TRUE,PARTIALLY_LINKED,"Diagnostic generated record"
crotalus-horridus,,,,animal,materiaMedicaPartX.ts,NONE,,NO_MATCH,FALSE,NONE,NONE,EXPLICIT_FALSE,EXPLICIT_TRUE,EXPLICIT_TRUE,DEFAULT_TRUE,FALSE,DATASET_PRESENCE,FALSE,TRUE,PARTIALLY_LINKED,"Diagnostic generated record"
croton-tiglium,,,,plant,materiaMedicaPartX.ts,NONE,,NO_MATCH,TRUE,croton-tiglium,croton-tiglium,EXPLICIT_FALSE,EXPLICIT_TRUE,EXPLICIT_TRUE,DEFAULT_TRUE,FALSE,DATASET_PRESENCE,FALSE,TRUE,PARTIALLY_LINKED,"Diagnostic generated record"
cubeba-officinalis,,,,plant,materiaMedicaPartX.ts,NONE,,NO_MATCH,FALSE,NONE,NONE,EXPLICIT_FALSE,EXPLICIT_FALSE,EXPLICIT_TRUE,DEFAULT_TRUE,DATASET_PRESENCE,DATASET_PRESENCE,TRUE,TRUE,PARTIALLY_LINKED,"Diagnostic generated record"
cuprum-aceticum,,,,mineral,materiaMedicaPartX.ts,NONE,,NO_MATCH,FALSE,NONE,NONE,EXPLICIT_TRUE,EXPLICIT_FALSE,EXPLICIT_TRUE,DEFAULT_TRUE,FALSE,FALSE,FALSE,FALSE,MM_ONLY,"Diagnostic generated record"
cuprum-arsenicosum,,,,mineral,materiaMedicaPartX.ts,NONE,,NO_MATCH,FALSE,NONE,NONE,EXPLICIT_FALSE,EXPLICIT_FALSE,EXPLICIT_TRUE,DEFAULT_TRUE,FALSE,FALSE,FALSE,FALSE,MM_ONLY,"Diagnostic generated record"
cuprum-metallicum,,,,mineral,materiaMedicaPartX.ts,NONE,,NO_MATCH,TRUE,cuprum-metallicum,cuprum-metallicum,EXPLICIT_TRUE,EXPLICIT_TRUE,EXPLICIT_TRUE,DEFAULT_TRUE,DATASET_PRESENCE,DATASET_PRESENCE,TRUE,TRUE,PARTIALLY_LINKED,"Diagnostic generated record"
curare,,,,plant,materiaMedicaPartX.ts,NONE,,NO_MATCH,FALSE,NONE,NONE,EXPLICIT_FALSE,EXPLICIT_TRUE,EXPLICIT_TRUE,DEFAULT_TRUE,FALSE,FALSE,FALSE,FALSE,MM_ONLY,"Diagnostic generated record"
cyclamen-europaeum,,,,plant,materiaMedicaPartX.ts,NONE,,NO_MATCH,FALSE,NONE,NONE,EXPLICIT_TRUE,EXPLICIT_TRUE,EXPLICIT_TRUE,DEFAULT_TRUE,DATASET_PRESENCE,DATASET_PRESENCE,TRUE,TRUE,PARTIALLY_LINKED,"Diagnostic generated record"
cynodon-dactylon,,,,plant,materiaMedicaPartX.ts,NONE,,NO_MATCH,FALSE,NONE,NONE,EXPLICIT_FALSE,EXPLICIT_FALSE,EXPLICIT_FALSE,EXPLICIT_TRUE,FALSE,FALSE,FALSE,FALSE,MM_ONLY,"Diagnostic generated record"
cypripedium-pubescens,,,,plant,materiaMedicaPartX.ts,NONE,,NO_MATCH,FALSE,NONE,NONE,EXPLICIT_FALSE,EXPLICIT_FALSE,EXPLICIT_FALSE,EXPLICIT_TRUE,FALSE,FALSE,FALSE,FALSE,MM_ONLY,"Diagnostic generated record"
damiana,,,,plant,materiaMedicaPartX.ts,NONE,,NO_MATCH,FALSE,NONE,NONE,EXPLICIT_FALSE,EXPLICIT_FALSE,EXPLICIT_TRUE,DEFAULT_TRUE,FALSE,FALSE,FALSE,FALSE,MM_ONLY,"Diagnostic generated record"
daphne-indica,,,,plant,materiaMedicaPartX.ts,NONE,,NO_MATCH,FALSE,NONE,NONE,EXPLICIT_FALSE,EXPLICIT_FALSE,EXPLICIT_TRUE,DEFAULT_TRUE,FALSE,FALSE,FALSE,FALSE,MM_ONLY,"Diagnostic generated record"
mezereum,,,,plant,materiaMedicaPartX.ts,NONE,,NO_MATCH,TRUE,mezereum,mezereum,EXPLICIT_TRUE,EXPLICIT_TRUE,EXPLICIT_TRUE,DEFAULT_TRUE,DATASET_PRESENCE,DATASET_PRESENCE,TRUE,TRUE,PARTIALLY_LINKED,"Diagnostic generated record"
stramonium,,,,plant,materiaMedicaPartX.ts,NONE,,NO_MATCH,FALSE,NONE,NONE,EXPLICIT_TRUE,EXPLICIT_TRUE,EXPLICIT_TRUE,DEFAULT_TRUE,DATASET_PRESENCE,DATASET_PRESENCE,TRUE,TRUE,PARTIALLY_LINKED,"Diagnostic generated record"
staphisagria,,,,plant,materiaMedicaPartX.ts,NONE,,NO_MATCH,FALSE,NONE,NONE,EXPLICIT_TRUE,EXPLICIT_TRUE,EXPLICIT_TRUE,DEFAULT_TRUE,DATASET_PRESENCE,DATASET_PRESENCE,TRUE,TRUE,PARTIALLY_LINKED,"Diagnostic generated record"
dictamnus-albus,,,,plant,materiaMedicaPartX.ts,NONE,,NO_MATCH,FALSE,NONE,NONE,EXPLICIT_FALSE,EXPLICIT_FALSE,EXPLICIT_FALSE,EXPLICIT_TRUE,FALSE,FALSE,FALSE,FALSE,MM_ONLY,"Diagnostic generated record"
digitalis-purpurea,,,,plant,materiaMedicaPartX.ts,NONE,,NO_MATCH,TRUE,digitalis-purpurea,digitalis-purpurea,EXPLICIT_TRUE,EXPLICIT_TRUE,EXPLICIT_TRUE,DEFAULT_TRUE,DATASET_PRESENCE,DATASET_PRESENCE,TRUE,TRUE,PARTIALLY_LINKED,"Diagnostic generated record"
dioscorea-villosa,,,,plant,materiaMedicaPartX.ts,NONE,,NO_MATCH,TRUE,dioscorea-villosa,dioscorea-villosa,EXPLICIT_FALSE,EXPLICIT_TRUE,EXPLICIT_TRUE,DEFAULT_TRUE,FALSE,DATASET_PRESENCE,FALSE,TRUE,PARTIALLY_LINKED,"Diagnostic generated record"
dirca-palustris,,,,plant,materiaMedicaPartX.ts,NONE,,NO_MATCH,FALSE,NONE,NONE,EXPLICIT_FALSE,EXPLICIT_FALSE,EXPLICIT_TRUE,DEFAULT_TRUE,FALSE,FALSE,FALSE,FALSE,MM_ONLY,"Diagnostic generated record"
dolichos-pruriens,,,,plant,materiaMedicaPartX.ts,NONE,,NO_MATCH,FALSE,NONE,NONE,EXPLICIT_FALSE,EXPLICIT_FALSE,EXPLICIT_TRUE,DEFAULT_TRUE,FALSE,FALSE,FALSE,FALSE,MM_ONLY,"Diagnostic generated record"
doryphora-decemlineata,,,,animal,materiaMedicaPartX.ts,NONE,,NO_MATCH,FALSE,NONE,NONE,EXPLICIT_FALSE,EXPLICIT_TRUE,EXPLICIT_TRUE,DEFAULT_TRUE,FALSE,FALSE,FALSE,FALSE,MM_ONLY,"Diagnostic generated record"
drosera-rotundifolia,,,,plant,materiaMedicaPartX.ts,NONE,,NO_MATCH,TRUE,drosera-rotundifolia,drosera-rotundifolia,EXPLICIT_TRUE,EXPLICIT_TRUE,EXPLICIT_TRUE,DEFAULT_TRUE,DATASET_PRESENCE,DATASET_PRESENCE,TRUE,TRUE,PARTIALLY_LINKED,"Diagnostic generated record"
duboisia-myoporoides,,,,plant,materiaMedicaPartX.ts,NONE,,NO_MATCH,FALSE,NONE,NONE,EXPLICIT_FALSE,EXPLICIT_FALSE,EXPLICIT_FALSE,EXPLICIT_TRUE,FALSE,FALSE,FALSE,FALSE,MM_ONLY,"Diagnostic generated record"
echinacea-angustifolia,,,,plant,materiaMedicaPartX.ts,NONE,,NO_MATCH,FALSE,NONE,NONE,EXPLICIT_FALSE,EXPLICIT_TRUE,EXPLICIT_TRUE,DEFAULT_TRUE,DATASET_PRESENCE,DATASET_PRESENCE,TRUE,TRUE,PARTIALLY_LINKED,"Diagnostic generated record"
echinacea-purpurea,,,,plant,materiaMedicaPartX.ts,NONE,,NO_MATCH,FALSE,NONE,NONE,EXPLICIT_FALSE,EXPLICIT_FALSE,EXPLICIT_FALSE,EXPLICIT_TRUE,DATASET_PRESENCE,DATASET_PRESENCE,TRUE,TRUE,PARTIALLY_LINKED,"Diagnostic generated record"
elaps-corallinus,,,,animal,materiaMedicaPartX.ts,NONE,,NO_MATCH,FALSE,NONE,NONE,EXPLICIT_FALSE,EXPLICIT_TRUE,EXPLICIT_TRUE,DEFAULT_TRUE,FALSE,FALSE,FALSE,FALSE,MM_ONLY,"Diagnostic generated record"
elaterium,,,,plant,materiaMedicaPartX.ts,NONE,,NO_MATCH,FALSE,NONE,NONE,EXPLICIT_FALSE,EXPLICIT_FALSE,EXPLICIT_TRUE,DEFAULT_TRUE,FALSE,FALSE,FALSE,FALSE,MM_ONLY,"Diagnostic generated record"
ephedra-vulgaris,,,,plant,materiaMedicaPartX.ts,NONE,,NO_MATCH,FALSE,NONE,NONE,EXPLICIT_FALSE,EXPLICIT_FALSE,EXPLICIT_FALSE,EXPLICIT_TRUE,FALSE,FALSE,FALSE,FALSE,MM_ONLY,"Diagnostic generated record"
epigea-repens,,,,plant,materiaMedicaPartX.ts,NONE,,NO_MATCH,FALSE,NONE,NONE,EXPLICIT_FALSE,EXPLICIT_FALSE,EXPLICIT_FALSE,EXPLICIT_TRUE,FALSE,FALSE,FALSE,FALSE,MM_ONLY,"Diagnostic generated record"
epilobium-palustre,,,,plant,materiaMedicaPartX.ts,NONE,,NO_MATCH,FALSE,NONE,NONE,EXPLICIT_FALSE,EXPLICIT_FALSE,EXPLICIT_TRUE,DEFAULT_TRUE,FALSE,FALSE,FALSE,FALSE,MM_ONLY,"Diagnostic generated record"
epiphegus-virginiana,,,,plant,materiaMedicaPartX.ts,NONE,,NO_MATCH,FALSE,NONE,NONE,EXPLICIT_FALSE,EXPLICIT_FALSE,EXPLICIT_TRUE,DEFAULT_TRUE,FALSE,FALSE,FALSE,FALSE,MM_ONLY,"Diagnostic generated record"
equisetum-hyemale,,,,plant,materiaMedicaPartX.ts,NONE,,NO_MATCH,FALSE,NONE,NONE,EXPLICIT_FALSE,EXPLICIT_FALSE,EXPLICIT_TRUE,DEFAULT_TRUE,FALSE,DATASET_PRESENCE,FALSE,TRUE,PARTIALLY_LINKED,"Diagnostic generated record"
erigeron-canadense,,,,plant,materiaMedicaPartX.ts,NONE,,NO_MATCH,FALSE,NONE,NONE,EXPLICIT_FALSE,EXPLICIT_FALSE,EXPLICIT_TRUE,DEFAULT_TRUE,FALSE,FALSE,FALSE,FALSE,MM_ONLY,"Diagnostic generated record"
eriodictyon-californicum,,,,plant,materiaMedicaPartX.ts,NONE,,NO_MATCH,FALSE,NONE,NONE,EXPLICIT_FALSE,EXPLICIT_FALSE,EXPLICIT_TRUE,DEFAULT_TRUE,FALSE,FALSE,FALSE,FALSE,MM_ONLY,"Diagnostic generated record"
erodios-cicutarium,,,,plant,materiaMedicaPartX.ts,NONE,,NO_MATCH,FALSE,NONE,NONE,EXPLICIT_FALSE,EXPLICIT_FALSE,EXPLICIT_FALSE,EXPLICIT_TRUE,FALSE,FALSE,FALSE,FALSE,MM_ONLY,"Diagnostic generated record"
eryngium-aquaticum,,,,plant,materiaMedicaPartX.ts,NONE,,NO_MATCH,FALSE,NONE,NONE,EXPLICIT_FALSE,EXPLICIT_FALSE,EXPLICIT_TRUE,DEFAULT_TRUE,FALSE,FALSE,FALSE,FALSE,MM_ONLY,"Diagnostic generated record"
eschscholtzia-californica,,,,plant,materiaMedicaPartX.ts,NONE,,NO_MATCH,FALSE,NONE,NONE,EXPLICIT_FALSE,EXPLICIT_FALSE,EXPLICIT_FALSE,EXPLICIT_TRUE,FALSE,FALSE,FALSE,FALSE,MM_ONLY,"Diagnostic generated record"
eucalyptus-globulus,,,,plant,materiaMedicaPartX.ts,NONE,,NO_MATCH,FALSE,NONE,NONE,EXPLICIT_FALSE,EXPLICIT_FALSE,EXPLICIT_TRUE,DEFAULT_TRUE,FALSE,FALSE,FALSE,FALSE,MM_ONLY,"Diagnostic generated record"
eugenia-jambos,,,,plant,materiaMedicaPartX.ts,NONE,,NO_MATCH,FALSE,NONE,NONE,EXPLICIT_FALSE,EXPLICIT_FALSE,EXPLICIT_TRUE,DEFAULT_TRUE,FALSE,FALSE,FALSE,FALSE,MM_ONLY,"Diagnostic generated record"
eugenia-jambosa,,,,plant,materiaMedicaPartX.ts,NONE,,NO_MATCH,FALSE,NONE,NONE,EXPLICIT_FALSE,EXPLICIT_FALSE,EXPLICIT_FALSE,EXPLICIT_TRUE,FALSE,FALSE,FALSE,FALSE,MM_ONLY,"Diagnostic generated record"
euonymus-atropurpureus,,,,plant,materiaMedicaPartX.ts,NONE,,NO_MATCH,FALSE,NONE,NONE,EXPLICIT_FALSE,EXPLICIT_FALSE,EXPLICIT_TRUE,DEFAULT_TRUE,FALSE,FALSE,FALSE,FALSE,MM_ONLY,"Diagnostic generated record"
euonymus-europaeus,,,,plant,materiaMedicaPartX.ts,NONE,,NO_MATCH,FALSE,NONE,NONE,EXPLICIT_FALSE,EXPLICIT_FALSE,EXPLICIT_FALSE,EXPLICIT_TRUE,FALSE,FALSE,FALSE,FALSE,MM_ONLY,"Diagnostic generated record"
eupatorium-perfoliatum,,,,plant,materiaMedicaPartX.ts,NONE,,NO_MATCH,FALSE,NONE,NONE,EXPLICIT_FALSE,EXPLICIT_TRUE,EXPLICIT_TRUE,DEFAULT_TRUE,FALSE,DATASET_PRESENCE,FALSE,TRUE,PARTIALLY_LINKED,"Diagnostic generated record"
eupatorium-purpureum,,,,plant,materiaMedicaPartX.ts,NONE,,NO_MATCH,FALSE,NONE,NONE,EXPLICIT_FALSE,EXPLICIT_TRUE,EXPLICIT_TRUE,DEFAULT_TRUE,FALSE,FALSE,FALSE,FALSE,MM_ONLY,"Diagnostic generated record"
euphorbia-corollata,,,,plant,materiaMedicaPartX.ts,NONE,,NO_MATCH,FALSE,NONE,NONE,EXPLICIT_FALSE,EXPLICIT_FALSE,EXPLICIT_TRUE,DEFAULT_TRUE,FALSE,FALSE,FALSE,FALSE,MM_ONLY,"Diagnostic generated record"
euphorbium-officinarum,,,,plant,materiaMedicaPartX.ts,NONE,,NO_MATCH,TRUE,euphorbium-officinarum,euphorbium-officinarum,EXPLICIT_TRUE,EXPLICIT_FALSE,EXPLICIT_TRUE,DEFAULT_TRUE,DATASET_PRESENCE,DATASET_PRESENCE,TRUE,TRUE,PARTIALLY_LINKED,"Diagnostic generated record"
euphrasia-officinalis,,,,plant,materiaMedicaPartX.ts,NONE,,NO_MATCH,FALSE,NONE,NONE,EXPLICIT_TRUE,EXPLICIT_TRUE,EXPLICIT_TRUE,DEFAULT_TRUE,DATASET_PRESENCE,DATASET_PRESENCE,TRUE,TRUE,PARTIALLY_LINKED,"Diagnostic generated record"
eupion,,,,mineral,materiaMedicaPartX.ts,NONE,,NO_MATCH,FALSE,NONE,NONE,EXPLICIT_FALSE,EXPLICIT_FALSE,EXPLICIT_TRUE,DEFAULT_TRUE,FALSE,FALSE,FALSE,FALSE,MM_ONLY,"Diagnostic generated record"
fagopyrum-esculentum,,,,plant,materiaMedicaPartX.ts,NONE,,NO_MATCH,FALSE,NONE,NONE,EXPLICIT_FALSE,EXPLICIT_FALSE,EXPLICIT_FALSE,EXPLICIT_TRUE,FALSE,FALSE,FALSE,FALSE,MM_ONLY,"Diagnostic generated record"
ferrum-aceticum,,,,mineral,materiaMedicaPartX.ts,NONE,,NO_MATCH,FALSE,NONE,NONE,EXPLICIT_TRUE,EXPLICIT_FALSE,EXPLICIT_TRUE,DEFAULT_TRUE,FALSE,FALSE,FALSE,FALSE,MM_ONLY,"Diagnostic generated record"
ferrum-arsenicosum,,,,mineral,materiaMedicaPartX.ts,NONE,,NO_MATCH,FALSE,NONE,NONE,EXPLICIT_FALSE,EXPLICIT_TRUE,EXPLICIT_FALSE,DEFAULT_TRUE,FALSE,FALSE,FALSE,FALSE,MM_ONLY,"Diagnostic generated record"
ferrum-iodatum,,,,mineral,materiaMedicaPartX.ts,NONE,,NO_MATCH,FALSE,NONE,NONE,EXPLICIT_FALSE,EXPLICIT_TRUE,EXPLICIT_TRUE,DEFAULT_TRUE,FALSE,FALSE,FALSE,FALSE,MM_ONLY,"Diagnostic generated record"
ferrum-magneticum,,,,mineral,materiaMedicaPartX.ts,NONE,,NO_MATCH,FALSE,NONE,NONE,EXPLICIT_TRUE,EXPLICIT_FALSE,EXPLICIT_TRUE,DEFAULT_TRUE,FALSE,FALSE,FALSE,FALSE,MM_ONLY,"Diagnostic generated record"
ferrum-metallicum,,,,mineral,materiaMedicaPartX.ts,NONE,,NO_MATCH,FALSE,NONE,NONE,EXPLICIT_TRUE,EXPLICIT_TRUE,EXPLICIT_TRUE,DEFAULT_TRUE,DATASET_PRESENCE,DATASET_PRESENCE,TRUE,TRUE,PARTIALLY_LINKED,"Diagnostic generated record"
ferrum-muriaticum,,,,mineral,materiaMedicaPartX.ts,NONE,,NO_MATCH,FALSE,NONE,NONE,EXPLICIT_FALSE,EXPLICIT_FALSE,EXPLICIT_TRUE,DEFAULT_TRUE,FALSE,FALSE,FALSE,FALSE,MM_ONLY,"Diagnostic generated record"
ferrum-phosphoricum,,,,mineral,materiaMedicaPartX.ts,NONE,,NO_MATCH,FALSE,NONE,NONE,EXPLICIT_TRUE,EXPLICIT_TRUE,EXPLICIT_TRUE,DEFAULT_TRUE,FALSE,FALSE,FALSE,FALSE,MM_ONLY,"Diagnostic generated record"
ferrum-picricum,,,,mineral,materiaMedicaPartX.ts,NONE,,NO_MATCH,FALSE,NONE,NONE,EXPLICIT_FALSE,EXPLICIT_FALSE,EXPLICIT_TRUE,DEFAULT_TRUE,FALSE,FALSE,FALSE,FALSE,MM_ONLY,"Diagnostic generated record"
ferrum-sulfuricum,,,,mineral,materiaMedicaPartX.ts,NONE,,NO_MATCH,FALSE,NONE,NONE,EXPLICIT_FALSE,EXPLICIT_FALSE,EXPLICIT_TRUE,DEFAULT_TRUE,DATASET_PRESENCE,FALSE,TRUE,FALSE,PARTIALLY_LINKED,"Diagnostic generated record"
ficus-religiosa,,,,plant,materiaMedicaPartX.ts,NONE,,NO_MATCH,FALSE,NONE,NONE,EXPLICIT_FALSE,EXPLICIT_FALSE,EXPLICIT_FALSE,EXPLICIT_TRUE,FALSE,FALSE,FALSE,FALSE,MM_ONLY,"Diagnostic generated record"
formica-rufa,,,,animal,materiaMedicaPartX.ts,NONE,,NO_MATCH,TRUE,formica-rufa,formica-rufa,EXPLICIT_FALSE,EXPLICIT_FALSE,EXPLICIT_TRUE,DEFAULT_TRUE,FALSE,FALSE,FALSE,FALSE,PARTIALLY_LINKED,"Diagnostic generated record"
fragaria-vesca,,,,plant,materiaMedicaPartX.ts,NONE,,NO_MATCH,FALSE,NONE,NONE,EXPLICIT_FALSE,EXPLICIT_FALSE,EXPLICIT_TRUE,DEFAULT_TRUE,FALSE,FALSE,FALSE,FALSE,MM_ONLY,"Diagnostic generated record"
fraxinus-americana,,,,plant,materiaMedicaPartX.ts,NONE,,NO_MATCH,FALSE,NONE,NONE,EXPLICIT_FALSE,EXPLICIT_FALSE,EXPLICIT_TRUE,DEFAULT_TRUE,FALSE,FALSE,FALSE,FALSE,MM_ONLY,"Diagnostic generated record"
galega-officinalis,,,,plant,materiaMedicaPartX.ts,NONE,,NO_MATCH,FALSE,NONE,NONE,EXPLICIT_FALSE,EXPLICIT_FALSE,EXPLICIT_FALSE,EXPLICIT_TRUE,DATASET_PRESENCE,DATASET_PRESENCE,TRUE,TRUE,PARTIALLY_LINKED,"Diagnostic generated record"
galium-aparine,,,,plant,materiaMedicaPartX.ts,NONE,,NO_MATCH,FALSE,NONE,NONE,EXPLICIT_FALSE,EXPLICIT_FALSE,EXPLICIT_FALSE,EXPLICIT_TRUE,FALSE,FALSE,FALSE,FALSE,MM_ONLY,"Diagnostic generated record"
galphimia-glauca,,,,plant,materiaMedicaPartX.ts,NONE,,NO_MATCH,FALSE,NONE,NONE,EXPLICIT_TRUE,EXPLICIT_TRUE,EXPLICIT_TRUE,DEFAULT_TRUE,FALSE,FALSE,FALSE,FALSE,MM_ONLY,"Diagnostic generated record"
gambogia,,,,plant,materiaMedicaPartX.ts,NONE,,NO_MATCH,FALSE,NONE,NONE,EXPLICIT_FALSE,EXPLICIT_FALSE,EXPLICIT_TRUE,DEFAULT_TRUE,FALSE,FALSE,FALSE,FALSE,MM_ONLY,"Diagnostic generated record"
gelsemium-sempervirens,,,,plant,materiaMedicaPartX.ts,NONE,,NO_MATCH,FALSE,NONE,NONE,EXPLICIT_TRUE,EXPLICIT_TRUE,EXPLICIT_TRUE,DEFAULT_TRUE,DATASET_PRESENCE,DATASET_PRESENCE,TRUE,TRUE,PARTIALLY_LINKED,"Diagnostic generated record"
gentiana-lutea,,,,plant,materiaMedicaPartX.ts,NONE,,NO_MATCH,FALSE,NONE,NONE,EXPLICIT_FALSE,EXPLICIT_FALSE,EXPLICIT_TRUE,DEFAULT_TRUE,FALSE,FALSE,FALSE,FALSE,MM_ONLY,"Diagnostic generated record"
gentiana-quinqueflora,,,,plant,materiaMedicaPartX.ts,NONE,,NO_MATCH,FALSE,NONE,NONE,EXPLICIT_FALSE,EXPLICIT_FALSE,EXPLICIT_FALSE,EXPLICIT_TRUE,FALSE,FALSE,FALSE,FALSE,MM_ONLY,"Diagnostic generated record"
geranium-maculatum,,,,plant,materiaMedicaPartX.ts,NONE,,NO_MATCH,FALSE,NONE,NONE,EXPLICIT_FALSE,EXPLICIT_FALSE,EXPLICIT_TRUE,DEFAULT_TRUE,FALSE,FALSE,FALSE,FALSE,MM_ONLY,"Diagnostic generated record"
geum-rivale,,,,plant,materiaMedicaPartX.ts,NONE,,NO_MATCH,FALSE,NONE,NONE,EXPLICIT_FALSE,EXPLICIT_FALSE,EXPLICIT_TRUE,DEFAULT_TRUE,FALSE,FALSE,FALSE,FALSE,MM_ONLY,"Diagnostic generated record"
ginkgo-biloba,,,,plant,materiaMedicaPartX.ts,NONE,,NO_MATCH,FALSE,NONE,NONE,EXPLICIT_FALSE,EXPLICIT_FALSE,EXPLICIT_FALSE,EXPLICIT_TRUE,FALSE,FALSE,FALSE,FALSE,MM_ONLY,"Diagnostic generated record"
glonoinum,,,,mineral,materiaMedicaPartX.ts,NONE,,NO_MATCH,FALSE,NONE,NONE,EXPLICIT_FALSE,EXPLICIT_TRUE,EXPLICIT_TRUE,DEFAULT_TRUE,DATASET_PRESENCE,DATASET_PRESENCE,TRUE,TRUE,PARTIALLY_LINKED,"Diagnostic generated record"
gnaphalium-polycephalum,,,,plant,materiaMedicaPartX.ts,NONE,,NO_MATCH,FALSE,NONE,NONE,EXPLICIT_FALSE,EXPLICIT_FALSE,EXPLICIT_TRUE,DEFAULT_TRUE,FALSE,FALSE,FALSE,FALSE,MM_ONLY,"Diagnostic generated record"
gossypium-herbaceum,,,,plant,materiaMedicaPartX.ts,NONE,,NO_MATCH,FALSE,NONE,NONE,EXPLICIT_FALSE,EXPLICIT_FALSE,EXPLICIT_TRUE,DEFAULT_TRUE,FALSE,FALSE,FALSE,FALSE,MM_ONLY,"Diagnostic generated record"
granatum,,,,plant,materiaMedicaPartX.ts,NONE,,NO_MATCH,TRUE,granatum,granatum,EXPLICIT_FALSE,EXPLICIT_FALSE,EXPLICIT_TRUE,DEFAULT_TRUE,FALSE,FALSE,FALSE,FALSE,PARTIALLY_LINKED,"Diagnostic generated record"
graphites,,,,mineral,materiaMedicaPartX.ts,NONE,,NO_MATCH,TRUE,graphites,graphites,EXPLICIT_TRUE,EXPLICIT_TRUE,EXPLICIT_TRUE,DEFAULT_TRUE,DATASET_PRESENCE,DATASET_PRESENCE,TRUE,TRUE,PARTIALLY_LINKED,"Diagnostic generated record"
gratiola-officinalis,,,,plant,materiaMedicaPartX.ts,NONE,,NO_MATCH,TRUE,gratiola-officinalis,gratiola-officinalis,EXPLICIT_FALSE,EXPLICIT_TRUE,EXPLICIT_TRUE,DEFAULT_TRUE,DATASET_PRESENCE,DATASET_PRESENCE,TRUE,TRUE,PARTIALLY_LINKED,"Diagnostic generated record"
grindelia-robusta,,,,plant,materiaMedicaPartX.ts,NONE,,NO_MATCH,FALSE,NONE,NONE,EXPLICIT_FALSE,EXPLICIT_FALSE,EXPLICIT_TRUE,DEFAULT_TRUE,FALSE,FALSE,FALSE,FALSE,MM_ONLY,"Diagnostic generated record"
guaco,,,,plant,materiaMedicaPartX.ts,NONE,,NO_MATCH,FALSE,NONE,NONE,EXPLICIT_FALSE,EXPLICIT_FALSE,EXPLICIT_TRUE,DEFAULT_TRUE,FALSE,FALSE,FALSE,FALSE,MM_ONLY,"Diagnostic generated record"
guaiacum-officinale,,,,plant,materiaMedicaPartX.ts,NONE,,NO_MATCH,FALSE,NONE,NONE,EXPLICIT_TRUE,EXPLICIT_TRUE,EXPLICIT_TRUE,DEFAULT_TRUE,DATASET_PRESENCE,DATASET_PRESENCE,TRUE,TRUE,PARTIALLY_LINKED,"Diagnostic generated record"
guarea-trichilioides,,,,plant,materiaMedicaPartX.ts,NONE,,NO_MATCH,FALSE,NONE,NONE,EXPLICIT_FALSE,EXPLICIT_FALSE,EXPLICIT_TRUE,DEFAULT_TRUE,FALSE,FALSE,FALSE,FALSE,MM_ONLY,"Diagnostic generated record"
guatteria-gaumeri,,,,plant,materiaMedicaPartX.ts,NONE,,NO_MATCH,FALSE,NONE,NONE,EXPLICIT_FALSE,EXPLICIT_FALSE,EXPLICIT_FALSE,EXPLICIT_TRUE,FALSE,FALSE,FALSE,FALSE,MM_ONLY,"Diagnostic generated record"
gymnocladus-canadensis,,,,plant,materiaMedicaPartX.ts,NONE,,NO_MATCH,FALSE,NONE,NONE,EXPLICIT_FALSE,EXPLICIT_FALSE,EXPLICIT_TRUE,DEFAULT_TRUE,FALSE,FALSE,FALSE,FALSE,MM_ONLY,"Diagnostic generated record"
haematoxylon-campechianum,,,,plant,materiaMedicaPartX.ts,NONE,,NO_MATCH,FALSE,NONE,NONE,EXPLICIT_FALSE,EXPLICIT_FALSE,EXPLICIT_TRUE,DEFAULT_TRUE,FALSE,FALSE,FALSE,FALSE,MM_ONLY,"Diagnostic generated record"
hamamelis-virginiana,,,,plant,materiaMedicaPartX.ts,NONE,,NO_MATCH,FALSE,NONE,NONE,EXPLICIT_FALSE,EXPLICIT_TRUE,EXPLICIT_TRUE,DEFAULT_TRUE,FALSE,DATASET_PRESENCE,FALSE,TRUE,PARTIALLY_LINKED,"Diagnostic generated record"
hecla-lava,,,,mineral,materiaMedicaPartX.ts,NONE,,NO_MATCH,FALSE,NONE,NONE,EXPLICIT_FALSE,EXPLICIT_FALSE,EXPLICIT_FALSE,EXPLICIT_TRUE,FALSE,FALSE,FALSE,FALSE,MM_ONLY,"Diagnostic generated record"
hedeoma-pulegioides,,,,plant,materiaMedicaPartX.ts,NONE,,NO_MATCH,FALSE,NONE,NONE,EXPLICIT_FALSE,EXPLICIT_FALSE,EXPLICIT_TRUE,DEFAULT_TRUE,FALSE,FALSE,FALSE,FALSE,MM_ONLY,"Diagnostic generated record"
hekla-lava,,,,mineral,materiaMedicaPartX.ts,NONE,,NO_MATCH,FALSE,NONE,NONE,EXPLICIT_FALSE,EXPLICIT_FALSE,EXPLICIT_TRUE,DEFAULT_TRUE,FALSE,FALSE,FALSE,FALSE,MM_ONLY,"Diagnostic generated record"
helianthus-annuus,,,,plant,materiaMedicaPartX.ts,NONE,,NO_MATCH,FALSE,NONE,NONE,EXPLICIT_FALSE,EXPLICIT_FALSE,EXPLICIT_TRUE,DEFAULT_TRUE,FALSE,FALSE,FALSE,FALSE,MM_ONLY,"Diagnostic generated record"
heliotropium-peruvianum,,,,plant,materiaMedicaPartX.ts,NONE,,NO_MATCH,FALSE,NONE,NONE,EXPLICIT_FALSE,EXPLICIT_FALSE,EXPLICIT_FALSE,EXPLICIT_TRUE,DATASET_PRESENCE,DATASET_PRESENCE,TRUE,TRUE,PARTIALLY_LINKED,"Diagnostic generated record"
helleborus-niger,,,,plant,materiaMedicaPartX.ts,NONE,,NO_MATCH,TRUE,helleborus-niger,helleborus-niger,EXPLICIT_TRUE,EXPLICIT_TRUE,EXPLICIT_TRUE,DEFAULT_TRUE,DATASET_PRESENCE,DATASET_PRESENCE,TRUE,TRUE,PARTIALLY_LINKED,"Diagnostic generated record"
helonias-dioica,,,,plant,materiaMedicaPartX.ts,NONE,,NO_MATCH,FALSE,NONE,NONE,EXPLICIT_FALSE,EXPLICIT_TRUE,EXPLICIT_TRUE,DEFAULT_TRUE,FALSE,DATASET_PRESENCE,FALSE,TRUE,PARTIALLY_LINKED,"Diagnostic generated record"
hepar-sulfuris,,,,mineral,materiaMedicaPartX.ts,NONE,,NO_MATCH,FALSE,NONE,NONE,EXPLICIT_TRUE,EXPLICIT_TRUE,EXPLICIT_TRUE,DEFAULT_TRUE,DATASET_PRESENCE,FALSE,TRUE,FALSE,PARTIALLY_LINKED,"Diagnostic generated record"
humulus-lupulus,,,,plant,materiaMedicaPartX.ts,NONE,,NO_MATCH,FALSE,NONE,NONE,EXPLICIT_FALSE,EXPLICIT_FALSE,EXPLICIT_FALSE,EXPLICIT_TRUE,FALSE,FALSE,FALSE,FALSE,MM_ONLY,"Diagnostic generated record"
hydrangea-arborescens,,,,plant,materiaMedicaPartX.ts,NONE,,NO_MATCH,FALSE,NONE,NONE,EXPLICIT_FALSE,EXPLICIT_FALSE,EXPLICIT_TRUE,DEFAULT_TRUE,FALSE,FALSE,FALSE,FALSE,MM_ONLY,"Diagnostic generated record"
hydrastis-canadensis,,,,plant,materiaMedicaPartX.ts,NONE,,NO_MATCH,FALSE,NONE,NONE,EXPLICIT_FALSE,EXPLICIT_TRUE,EXPLICIT_TRUE,DEFAULT_TRUE,FALSE,FALSE,FALSE,FALSE,MM_ONLY,"Diagnostic generated record"
hydrocotyle-asiatica,,,,plant,materiaMedicaPartX.ts,NONE,,NO_MATCH,FALSE,NONE,NONE,EXPLICIT_FALSE,EXPLICIT_FALSE,EXPLICIT_TRUE,DEFAULT_TRUE,FALSE,FALSE,FALSE,FALSE,MM_ONLY,"Diagnostic generated record"
hydrocyanicum-acidum,,,,acid,materiaMedicaPartX.ts,NONE,,NO_MATCH,FALSE,NONE,NONE,EXPLICIT_FALSE,EXPLICIT_FALSE,EXPLICIT_TRUE,DEFAULT_TRUE,FALSE,FALSE,FALSE,FALSE,MM_ONLY,"Diagnostic generated record"
hyoscyaminum,,,,mineral,materiaMedicaPartX.ts,NONE,,NO_MATCH,FALSE,NONE,NONE,EXPLICIT_FALSE,EXPLICIT_FALSE,EXPLICIT_FALSE,EXPLICIT_TRUE,FALSE,FALSE,FALSE,FALSE,MM_ONLY,"Diagnostic generated record"
hyoscyamus-niger,,,,plant,materiaMedicaPartX.ts,NONE,,NO_MATCH,FALSE,NONE,NONE,EXPLICIT_TRUE,EXPLICIT_TRUE,EXPLICIT_TRUE,DEFAULT_TRUE,DATASET_PRESENCE,DATASET_PRESENCE,TRUE,TRUE,PARTIALLY_LINKED,"Diagnostic generated record"
hypericum-perforatum,,,,plant,materiaMedicaPartX.ts,NONE,,NO_MATCH,FALSE,NONE,NONE,EXPLICIT_FALSE,EXPLICIT_TRUE,EXPLICIT_TRUE,DEFAULT_TRUE,FALSE,DATASET_PRESENCE,FALSE,TRUE,PARTIALLY_LINKED,"Diagnostic generated record"
iberis-amara,,,,plant,materiaMedicaPartX.ts,NONE,,NO_MATCH,FALSE,NONE,NONE,EXPLICIT_FALSE,EXPLICIT_FALSE,EXPLICIT_TRUE,DEFAULT_TRUE,FALSE,FALSE,FALSE,FALSE,MM_ONLY,"Diagnostic generated record"
ichthyolum,,,,mineral,materiaMedicaPartX.ts,NONE,,NO_MATCH,FALSE,NONE,NONE,EXPLICIT_FALSE,EXPLICIT_FALSE,EXPLICIT_FALSE,EXPLICIT_TRUE,FALSE,FALSE,FALSE,FALSE,MM_ONLY,"Diagnostic generated record"
ilicium-anisatum,,,,plant,materiaMedicaPartX.ts,NONE,,NO_MATCH,FALSE,NONE,NONE,EXPLICIT_FALSE,EXPLICIT_FALSE,EXPLICIT_FALSE,EXPLICIT_TRUE,FALSE,FALSE,FALSE,FALSE,MM_ONLY,"Diagnostic generated record"
illicium-anisatum,,,,plant,materiaMedicaPartX.ts,NONE,,NO_MATCH,FALSE,NONE,NONE,EXPLICIT_TRUE,EXPLICIT_FALSE,EXPLICIT_TRUE,DEFAULT_TRUE,FALSE,FALSE,FALSE,FALSE,MM_ONLY,"Diagnostic generated record"
indigo-tinctoria,,,,plant,materiaMedicaPartX.ts,NONE,,NO_MATCH,FALSE,NONE,NONE,EXPLICIT_FALSE,EXPLICIT_FALSE,EXPLICIT_TRUE,DEFAULT_TRUE,FALSE,FALSE,FALSE,FALSE,MM_ONLY,"Diagnostic generated record"
indium-metallicum,,,,mineral,materiaMedicaPartX.ts,NONE,,NO_MATCH,FALSE,NONE,NONE,EXPLICIT_FALSE,EXPLICIT_FALSE,EXPLICIT_TRUE,DEFAULT_TRUE,FALSE,FALSE,FALSE,FALSE,MM_ONLY,"Diagnostic generated record"
inula-helenium,,,,plant,materiaMedicaPartX.ts,NONE,,NO_MATCH,FALSE,NONE,NONE,EXPLICIT_FALSE,EXPLICIT_FALSE,EXPLICIT_TRUE,DEFAULT_TRUE,FALSE,FALSE,FALSE,FALSE,MM_ONLY,"Diagnostic generated record"
iodium,,,,mineral,materiaMedicaPartX.ts,NONE,,NO_MATCH,FALSE,NONE,NONE,EXPLICIT_TRUE,EXPLICIT_TRUE,EXPLICIT_TRUE,DEFAULT_TRUE,FALSE,DATASET_PRESENCE,FALSE,TRUE,PARTIALLY_LINKED,"Diagnostic generated record"
iridium-metallicum,,,,mineral,materiaMedicaPartX.ts,NONE,,NO_MATCH,FALSE,NONE,NONE,EXPLICIT_FALSE,EXPLICIT_FALSE,EXPLICIT_TRUE,DEFAULT_TRUE,FALSE,FALSE,FALSE,FALSE,MM_ONLY,"Diagnostic generated record"
iris-versicolor,,,,plant,materiaMedicaPartX.ts,NONE,,NO_MATCH,FALSE,NONE,NONE,EXPLICIT_FALSE,EXPLICIT_TRUE,EXPLICIT_TRUE,DEFAULT_TRUE,FALSE,FALSE,FALSE,FALSE,MM_ONLY,"Diagnostic generated record"
jaborandi,,,,plant,materiaMedicaPartX.ts,NONE,,NO_MATCH,FALSE,NONE,NONE,EXPLICIT_FALSE,EXPLICIT_FALSE,EXPLICIT_TRUE,DEFAULT_TRUE,FALSE,FALSE,FALSE,FALSE,MM_ONLY,"Diagnostic generated record"
jacaranda-caroba,,,,plant,materiaMedicaPartX.ts,NONE,,NO_MATCH,FALSE,NONE,NONE,EXPLICIT_FALSE,EXPLICIT_FALSE,EXPLICIT_TRUE,DEFAULT_TRUE,FALSE,FALSE,FALSE,FALSE,MM_ONLY,"Diagnostic generated record"
jalapa,,,,plant,materiaMedicaPartX.ts,NONE,,NO_MATCH,FALSE,NONE,NONE,EXPLICIT_FALSE,EXPLICIT_FALSE,EXPLICIT_TRUE,DEFAULT_TRUE,FALSE,FALSE,FALSE,FALSE,MM_ONLY,"Diagnostic generated record"
jatropha-curcas,,,,plant,materiaMedicaPartX.ts,NONE,,NO_MATCH,FALSE,NONE,NONE,EXPLICIT_FALSE,EXPLICIT_FALSE,EXPLICIT_TRUE,DEFAULT_TRUE,FALSE,FALSE,FALSE,FALSE,MM_ONLY,"Diagnostic generated record"
jonosia-asoca,,,,plant,materiaMedicaPartX.ts,NONE,,NO_MATCH,FALSE,NONE,NONE,EXPLICIT_FALSE,EXPLICIT_FALSE,EXPLICIT_FALSE,EXPLICIT_TRUE,FALSE,FALSE,FALSE,FALSE,MM_ONLY,"Diagnostic generated record"
juglans-cinerea,,,,plant,materiaMedicaPartX.ts,NONE,,NO_MATCH,FALSE,NONE,NONE,EXPLICIT_FALSE,EXPLICIT_FALSE,EXPLICIT_TRUE,DEFAULT_TRUE,FALSE,FALSE,FALSE,FALSE,MM_ONLY,"Diagnostic generated record"
juglans-regia,,,,plant,materiaMedicaPartX.ts,NONE,,NO_MATCH,FALSE,NONE,NONE,EXPLICIT_FALSE,EXPLICIT_FALSE,EXPLICIT_TRUE,DEFAULT_TRUE,FALSE,FALSE,FALSE,FALSE,MM_ONLY,"Diagnostic generated record"
justicia-adhatoda,,,,plant,materiaMedicaPartX.ts,NONE,,NO_MATCH,FALSE,NONE,NONE,EXPLICIT_FALSE,EXPLICIT_FALSE,EXPLICIT_FALSE,EXPLICIT_TRUE,FALSE,FALSE,FALSE,FALSE,MM_ONLY,"Diagnostic generated record"
kalium-arsenicosum,,,,mineral,materiaMedicaPartX.ts,NONE,,NO_MATCH,FALSE,NONE,NONE,EXPLICIT_FALSE,EXPLICIT_TRUE,EXPLICIT_FALSE,DEFAULT_TRUE,FALSE,FALSE,FALSE,FALSE,MM_ONLY,"Diagnostic generated record"
kalium-bichromicum,,,,mineral,materiaMedicaPartX.ts,NONE,,NO_MATCH,FALSE,NONE,NONE,EXPLICIT_TRUE,EXPLICIT_TRUE,EXPLICIT_TRUE,DEFAULT_TRUE,FALSE,DATASET_PRESENCE,FALSE,TRUE,PARTIALLY_LINKED,"Diagnostic generated record"
kalium-bromatum,,,,mineral,materiaMedicaPartX.ts,NONE,,NO_MATCH,FALSE,NONE,NONE,EXPLICIT_FALSE,EXPLICIT_TRUE,EXPLICIT_FALSE,DEFAULT_TRUE,FALSE,DATASET_PRESENCE,FALSE,TRUE,PARTIALLY_LINKED,"Diagnostic generated record"
kalium-carbonicum,,,,mineral,materiaMedicaPartX.ts,NONE,,NO_MATCH,FALSE,NONE,NONE,EXPLICIT_TRUE,EXPLICIT_TRUE,EXPLICIT_TRUE,DEFAULT_TRUE,FALSE,DATASET_PRESENCE,FALSE,TRUE,PARTIALLY_LINKED,"Diagnostic generated record"
kalium-chloricum,,,,mineral,materiaMedicaPartX.ts,NONE,,NO_MATCH,FALSE,NONE,NONE,EXPLICIT_FALSE,EXPLICIT_TRUE,EXPLICIT_FALSE,DEFAULT_TRUE,FALSE,FALSE,FALSE,FALSE,MM_ONLY,"Diagnostic generated record"
kalium-cyanatum,,,,mineral,materiaMedicaPartX.ts,NONE,,NO_MATCH,FALSE,NONE,NONE,EXPLICIT_FALSE,EXPLICIT_FALSE,EXPLICIT_TRUE,DEFAULT_TRUE,FALSE,FALSE,FALSE,FALSE,MM_ONLY,"Diagnostic generated record"
kalium-ferrocyanatum,,,,mineral,materiaMedicaPartX.ts,NONE,,NO_MATCH,FALSE,NONE,NONE,EXPLICIT_FALSE,EXPLICIT_FALSE,EXPLICIT_TRUE,DEFAULT_TRUE,FALSE,FALSE,FALSE,FALSE,MM_ONLY,"Diagnostic generated record"
kalium-hypophosphorosum,,,,mineral,materiaMedicaPartX.ts,NONE,,NO_MATCH,FALSE,NONE,NONE,EXPLICIT_FALSE,EXPLICIT_FALSE,EXPLICIT_TRUE,DEFAULT_TRUE,FALSE,FALSE,FALSE,FALSE,MM_ONLY,"Diagnostic generated record"
kalium-iodatum,,,,mineral,materiaMedicaPartX.ts,NONE,,NO_MATCH,FALSE,NONE,NONE,EXPLICIT_FALSE,EXPLICIT_TRUE,EXPLICIT_TRUE,DEFAULT_TRUE,FALSE,FALSE,FALSE,FALSE,MM_ONLY,"Diagnostic generated record"
kalium-muriaticum,,,,mineral,materiaMedicaPartX.ts,NONE,,NO_MATCH,FALSE,NONE,NONE,EXPLICIT_FALSE,EXPLICIT_TRUE,EXPLICIT_TRUE,DEFAULT_TRUE,FALSE,FALSE,FALSE,FALSE,MM_ONLY,"Diagnostic generated record"
kalium-nitricum,,,,mineral,materiaMedicaPartX.ts,NONE,,NO_MATCH,FALSE,NONE,NONE,EXPLICIT_TRUE,EXPLICIT_TRUE,EXPLICIT_TRUE,DEFAULT_TRUE,FALSE,FALSE,FALSE,FALSE,MM_ONLY,"Diagnostic generated record"
kalium-oxalicum,,,,mineral,materiaMedicaPartX.ts,NONE,,NO_MATCH,FALSE,NONE,NONE,EXPLICIT_FALSE,EXPLICIT_FALSE,EXPLICIT_TRUE,DEFAULT_TRUE,FALSE,FALSE,FALSE,FALSE,MM_ONLY,"Diagnostic generated record"
kalium-permanganicum,,,,mineral,materiaMedicaPartX.ts,NONE,,NO_MATCH,FALSE,NONE,NONE,EXPLICIT_FALSE,EXPLICIT_FALSE,EXPLICIT_TRUE,DEFAULT_TRUE,FALSE,FALSE,FALSE,FALSE,MM_ONLY,"Diagnostic generated record"
kalium-phosphoricum,,,,mineral,materiaMedicaPartX.ts,NONE,,NO_MATCH,FALSE,NONE,NONE,EXPLICIT_TRUE,EXPLICIT_TRUE,EXPLICIT_TRUE,DEFAULT_TRUE,FALSE,FALSE,FALSE,FALSE,MM_ONLY,"Diagnostic generated record"
kalium-silicatum,,,,mineral,materiaMedicaPartX.ts,NONE,,NO_MATCH,FALSE,NONE,NONE,EXPLICIT_FALSE,EXPLICIT_TRUE,EXPLICIT_FALSE,DEFAULT_TRUE,FALSE,FALSE,FALSE,FALSE,MM_ONLY,"Diagnostic generated record"
kalium-sulfuricum,,,,mineral,materiaMedicaPartX.ts,NONE,,NO_MATCH,FALSE,NONE,NONE,EXPLICIT_FALSE,EXPLICIT_TRUE,EXPLICIT_TRUE,DEFAULT_TRUE,DATASET_PRESENCE,FALSE,TRUE,FALSE,PARTIALLY_LINKED,"Diagnostic generated record"
kalmia-latifolia,,,,plant,materiaMedicaPartX.ts,NONE,,NO_MATCH,FALSE,NONE,NONE,EXPLICIT_FALSE,EXPLICIT_TRUE,EXPLICIT_TRUE,DEFAULT_TRUE,FALSE,DATASET_PRESENCE,FALSE,TRUE,PARTIALLY_LINKED,"Diagnostic generated record"
kreosotum,,,,mineral,materiaMedicaPartX.ts,NONE,,NO_MATCH,TRUE,kreosotum,kreosotum,EXPLICIT_TRUE,EXPLICIT_TRUE,EXPLICIT_TRUE,DEFAULT_TRUE,DATASET_PRESENCE,DATASET_PRESENCE,TRUE,TRUE,PARTIALLY_LINKED,"Diagnostic generated record"
lac-caninum,,,,animal,materiaMedicaPartX.ts,NONE,,NO_MATCH,TRUE,lac-caninum,lac-caninum,EXPLICIT_FALSE,EXPLICIT_TRUE,EXPLICIT_FALSE,DEFAULT_TRUE,FALSE,DATASET_PRESENCE,FALSE,TRUE,PARTIALLY_LINKED,"Diagnostic generated record"
lac-defloratum,,,,animal,materiaMedicaPartX.ts,NONE,,NO_MATCH,FALSE,NONE,NONE,EXPLICIT_FALSE,EXPLICIT_TRUE,EXPLICIT_FALSE,DEFAULT_TRUE,FALSE,DATASET_PRESENCE,FALSE,TRUE,PARTIALLY_LINKED,"Diagnostic generated record"
lachesis-muta,,,,animal,materiaMedicaPartX.ts,NONE,,NO_MATCH,FALSE,NONE,NONE,EXPLICIT_TRUE,EXPLICIT_TRUE,EXPLICIT_TRUE,DEFAULT_TRUE,DATASET_PRESENCE,DATASET_PRESENCE,TRUE,TRUE,PARTIALLY_LINKED,"Diagnostic generated record"
lachnanthes-tinctoria,,,,plant,materiaMedicaPartX.ts,NONE,,NO_MATCH,FALSE,NONE,NONE,EXPLICIT_FALSE,EXPLICIT_TRUE,EXPLICIT_TRUE,DEFAULT_TRUE,FALSE,FALSE,FALSE,FALSE,MM_ONLY,"Diagnostic generated record"
lactuca-virosa,,,,plant,materiaMedicaPartX.ts,NONE,,NO_MATCH,TRUE,lactuca-virosa,lactuca-virosa,EXPLICIT_FALSE,EXPLICIT_FALSE,EXPLICIT_TRUE,DEFAULT_TRUE,FALSE,FALSE,FALSE,FALSE,PARTIALLY_LINKED,"Diagnostic generated record"
lapis-albus,,,,mineral,materiaMedicaPartX.ts,NONE,,NO_MATCH,FALSE,NONE,NONE,EXPLICIT_FALSE,EXPLICIT_FALSE,EXPLICIT_TRUE,DEFAULT_TRUE,FALSE,FALSE,FALSE,FALSE,MM_ONLY,"Diagnostic generated record"
lappa-arctium,,,,plant,materiaMedicaPartX.ts,NONE,,NO_MATCH,FALSE,NONE,NONE,EXPLICIT_FALSE,EXPLICIT_FALSE,EXPLICIT_TRUE,DEFAULT_TRUE,FALSE,FALSE,FALSE,FALSE,MM_ONLY,"Diagnostic generated record"
lathyrus-sativus,,,,plant,materiaMedicaPartX.ts,NONE,,NO_MATCH,FALSE,NONE,NONE,EXPLICIT_FALSE,EXPLICIT_FALSE,EXPLICIT_FALSE,EXPLICIT_TRUE,FALSE,FALSE,FALSE,FALSE,MM_ONLY,"Diagnostic generated record"
latrodectus-mactans,,,,animal,materiaMedicaPartX.ts,NONE,,NO_MATCH,FALSE,NONE,NONE,EXPLICIT_FALSE,EXPLICIT_FALSE,EXPLICIT_TRUE,DEFAULT_TRUE,FALSE,FALSE,FALSE,FALSE,MM_ONLY,"Diagnostic generated record"
laurocerasus,,,,plant,materiaMedicaPartX.ts,NONE,,NO_MATCH,TRUE,laurocerasus,laurocerasus,EXPLICIT_FALSE,EXPLICIT_TRUE,EXPLICIT_TRUE,DEFAULT_TRUE,DATASET_PRESENCE,FALSE,TRUE,FALSE,PARTIALLY_LINKED,"Diagnostic generated record"
lecithinum,,,,animal,materiaMedicaPartX.ts,NONE,,NO_MATCH,FALSE,NONE,NONE,EXPLICIT_FALSE,EXPLICIT_FALSE,EXPLICIT_FALSE,EXPLICIT_TRUE,FALSE,FALSE,FALSE,FALSE,MM_ONLY,"Diagnostic generated record"
lemna-minor,,,,plant,materiaMedicaPartX.ts,NONE,,NO_MATCH,FALSE,NONE,NONE,EXPLICIT_FALSE,EXPLICIT_FALSE,EXPLICIT_FALSE,EXPLICIT_TRUE,FALSE,FALSE,FALSE,FALSE,MM_ONLY,"Diagnostic generated record"
leonurus-cardiaca,,,,plant,materiaMedicaPartX.ts,NONE,,NO_MATCH,FALSE,NONE,NONE,EXPLICIT_FALSE,EXPLICIT_FALSE,EXPLICIT_FALSE,EXPLICIT_TRUE,FALSE,FALSE,FALSE,FALSE,MM_ONLY,"Diagnostic generated record"
leptandra-virginica,,,,plant,materiaMedicaPartX.ts,NONE,,NO_MATCH,FALSE,NONE,NONE,EXPLICIT_FALSE,EXPLICIT_TRUE,EXPLICIT_TRUE,DEFAULT_TRUE,FALSE,FALSE,FALSE,FALSE,MM_ONLY,"Diagnostic generated record"
liatris-spicata,,,,plant,materiaMedicaPartX.ts,NONE,,NO_MATCH,FALSE,NONE,NONE,EXPLICIT_FALSE,EXPLICIT_FALSE,EXPLICIT_FALSE,EXPLICIT_TRUE,FALSE,FALSE,FALSE,FALSE,MM_ONLY,"Diagnostic generated record"
lilium-tigrinum,,,,plant,materiaMedicaPartX.ts,NONE,,NO_MATCH,FALSE,NONE,NONE,EXPLICIT_FALSE,EXPLICIT_TRUE,EXPLICIT_TRUE,DEFAULT_TRUE,FALSE,DATASET_PRESENCE,FALSE,TRUE,PARTIALLY_LINKED,"Diagnostic generated record"
linaria-vulgaris,,,,plant,materiaMedicaPartX.ts,NONE,,NO_MATCH,FALSE,NONE,NONE,EXPLICIT_FALSE,EXPLICIT_FALSE,EXPLICIT_FALSE,EXPLICIT_TRUE,FALSE,FALSE,FALSE,FALSE,MM_ONLY,"Diagnostic generated record"
linum-usitatissimum,,,,plant,materiaMedicaPartX.ts,NONE,,NO_MATCH,FALSE,NONE,NONE,EXPLICIT_FALSE,EXPLICIT_FALSE,EXPLICIT_TRUE,DEFAULT_TRUE,FALSE,FALSE,FALSE,FALSE,MM_ONLY,"Diagnostic generated record"
lithium-carbonicum,,,,mineral,materiaMedicaPartX.ts,NONE,,NO_MATCH,TRUE,lithium-carbonicum,lithium-carbonicum,EXPLICIT_FALSE,EXPLICIT_TRUE,EXPLICIT_TRUE,DEFAULT_TRUE,FALSE,FALSE,FALSE,FALSE,PARTIALLY_LINKED,"Diagnostic generated record"
lobelia-cardinalis,,,,plant,materiaMedicaPartX.ts,NONE,,NO_MATCH,FALSE,NONE,NONE,EXPLICIT_FALSE,EXPLICIT_FALSE,EXPLICIT_TRUE,DEFAULT_TRUE,FALSE,FALSE,FALSE,FALSE,MM_ONLY,"Diagnostic generated record"
lobelia-inflata,,,,plant,materiaMedicaPartX.ts,NONE,,NO_MATCH,FALSE,NONE,NONE,EXPLICIT_FALSE,EXPLICIT_TRUE,EXPLICIT_TRUE,DEFAULT_TRUE,FALSE,DATASET_PRESENCE,FALSE,TRUE,PARTIALLY_LINKED,"Diagnostic generated record"
luffa-operculata,,,,plant,materiaMedicaPartX.ts,NONE,,NO_MATCH,FALSE,NONE,NONE,EXPLICIT_TRUE,EXPLICIT_TRUE,EXPLICIT_TRUE,DEFAULT_TRUE,FALSE,FALSE,FALSE,FALSE,MM_ONLY,"Diagnostic generated record"
lycopodium-clavatum,,,,plant,materiaMedicaPartX.ts,NONE,,NO_MATCH,TRUE,lycopodium-clavatum,lycopodium-clavatum,EXPLICIT_TRUE,EXPLICIT_TRUE,EXPLICIT_TRUE,DEFAULT_TRUE,DATASET_PRESENCE,DATASET_PRESENCE,TRUE,TRUE,PARTIALLY_LINKED,"Diagnostic generated record"
lycopus-europaeus,,,,plant,materiaMedicaPartX.ts,NONE,,NO_MATCH,FALSE,NONE,NONE,EXPLICIT_FALSE,EXPLICIT_FALSE,EXPLICIT_FALSE,EXPLICIT_TRUE,FALSE,FALSE,FALSE,FALSE,MM_ONLY,"Diagnostic generated record"
lycopus-virginicus,,,,plant,materiaMedicaPartX.ts,NONE,,NO_MATCH,FALSE,NONE,NONE,EXPLICIT_FALSE,EXPLICIT_TRUE,EXPLICIT_TRUE,DEFAULT_TRUE,FALSE,FALSE,FALSE,FALSE,MM_ONLY,"Diagnostic generated record"
lyssinum,,,,nosode,materiaMedicaPartX.ts,NONE,,NO_MATCH,FALSE,NONE,NONE,EXPLICIT_FALSE,EXPLICIT_TRUE,EXPLICIT_TRUE,DEFAULT_TRUE,FALSE,DATASET_PRESENCE,FALSE,TRUE,PARTIALLY_LINKED,"Diagnostic generated record"
magnesia-carbonica,,,,mineral,materiaMedicaPartX.ts,NONE,,NO_MATCH,FALSE,NONE,NONE,EXPLICIT_TRUE,EXPLICIT_TRUE,EXPLICIT_TRUE,DEFAULT_TRUE,DATASET_PRESENCE,DATASET_PRESENCE,TRUE,TRUE,PARTIALLY_LINKED,"Diagnostic generated record"
magnesia-muriatica,,,,mineral,materiaMedicaPartX.ts,NONE,,NO_MATCH,TRUE,magnesia-muriatica,magnesia-muriatica,EXPLICIT_TRUE,EXPLICIT_TRUE,EXPLICIT_TRUE,DEFAULT_TRUE,DATASET_PRESENCE,DATASET_PRESENCE,TRUE,TRUE,PARTIALLY_LINKED,"Diagnostic generated record"
magnesia-sulfurica,,,,mineral,materiaMedicaPartX.ts,NONE,,NO_MATCH,FALSE,NONE,NONE,EXPLICIT_FALSE,EXPLICIT_TRUE,EXPLICIT_TRUE,DEFAULT_TRUE,DATASET_PRESENCE,FALSE,TRUE,FALSE,PARTIALLY_LINKED,"Diagnostic generated record"
magnesia-phosphorica,,,,mineral,materiaMedicaPartX.ts,NONE,,NO_MATCH,FALSE,NONE,NONE,EXPLICIT_TRUE,EXPLICIT_TRUE,EXPLICIT_TRUE,DEFAULT_TRUE,FALSE,DATASET_PRESENCE,FALSE,TRUE,PARTIALLY_LINKED,"Diagnostic generated record"
magnolia-grandiflora,,,,plant,materiaMedicaPartX.ts,NONE,,NO_MATCH,FALSE,NONE,NONE,EXPLICIT_FALSE,EXPLICIT_FALSE,EXPLICIT_TRUE,DEFAULT_TRUE,FALSE,FALSE,FALSE,FALSE,MM_ONLY,"Diagnostic generated record"
mancinella,,,,plant,materiaMedicaPartX.ts,NONE,,NO_MATCH,TRUE,mancinella,mancinella,EXPLICIT_FALSE,EXPLICIT_TRUE,EXPLICIT_TRUE,DEFAULT_TRUE,FALSE,FALSE,FALSE,FALSE,PARTIALLY_LINKED,"Diagnostic generated record"
mandragora-officinarum,,,,plant,materiaMedicaPartX.ts,NONE,,NO_MATCH,FALSE,NONE,NONE,EXPLICIT_FALSE,EXPLICIT_FALSE,EXPLICIT_TRUE,DEFAULT_TRUE,DATASET_PRESENCE,DATASET_PRESENCE,TRUE,TRUE,PARTIALLY_LINKED,"Diagnostic generated record"
manganum-aceticum,,,,mineral,materiaMedicaPartX.ts,NONE,,NO_MATCH,FALSE,NONE,NONE,EXPLICIT_TRUE,EXPLICIT_FALSE,EXPLICIT_TRUE,DEFAULT_TRUE,DATASET_PRESENCE,FALSE,TRUE,FALSE,PARTIALLY_LINKED,"Diagnostic generated record"
manganum-metallicum,,,,mineral,materiaMedicaPartX.ts,NONE,,NO_MATCH,FALSE,NONE,NONE,EXPLICIT_FALSE,EXPLICIT_TRUE,EXPLICIT_TRUE,DEFAULT_TRUE,FALSE,FALSE,FALSE,FALSE,MM_ONLY,"Diagnostic generated record"
marrubium-vulgare,,,,plant,materiaMedicaPartX.ts,NONE,,NO_MATCH,FALSE,NONE,NONE,EXPLICIT_FALSE,EXPLICIT_FALSE,EXPLICIT_FALSE,EXPLICIT_TRUE,FALSE,FALSE,FALSE,FALSE,MM_ONLY,"Diagnostic generated record"
chamomilla,,,,plant,materiaMedicaPartX.ts,NONE,,NO_MATCH,TRUE,chamomilla,chamomilla,EXPLICIT_TRUE,EXPLICIT_TRUE,EXPLICIT_TRUE,DEFAULT_TRUE,DATASET_PRESENCE,DATASET_PRESENCE,TRUE,TRUE,PARTIALLY_LINKED,"Diagnostic generated record"
medorrhinum,,,,nosode,materiaMedicaPartX.ts,NONE,,NO_MATCH,FALSE,NONE,NONE,EXPLICIT_FALSE,EXPLICIT_TRUE,EXPLICIT_FALSE,DEFAULT_TRUE,FALSE,DATASET_PRESENCE,FALSE,TRUE,PARTIALLY_LINKED,"Diagnostic generated record"
medusa,,,,animal,materiaMedicaPartX.ts,NONE,,NO_MATCH,FALSE,NONE,NONE,EXPLICIT_FALSE,EXPLICIT_FALSE,EXPLICIT_FALSE,EXPLICIT_TRUE,FALSE,FALSE,FALSE,FALSE,MM_ONLY,"Diagnostic generated record"
melilotus-alba,,,,plant,materiaMedicaPartX.ts,NONE,,NO_MATCH,FALSE,NONE,NONE,EXPLICIT_FALSE,EXPLICIT_TRUE,EXPLICIT_TRUE,DEFAULT_TRUE,FALSE,DATASET_PRESENCE,FALSE,TRUE,PARTIALLY_LINKED,"Diagnostic generated record"
melilotus-officinalis,,,,plant,materiaMedicaPartX.ts,NONE,,NO_MATCH,FALSE,NONE,NONE,EXPLICIT_FALSE,EXPLICIT_FALSE,EXPLICIT_FALSE,EXPLICIT_TRUE,DATASET_PRESENCE,DATASET_PRESENCE,TRUE,TRUE,PARTIALLY_LINKED,"Diagnostic generated record"
melissa-officinalis,,,,plant,materiaMedicaPartX.ts,NONE,,NO_MATCH,FALSE,NONE,NONE,EXPLICIT_FALSE,EXPLICIT_FALSE,EXPLICIT_FALSE,EXPLICIT_TRUE,DATASET_PRESENCE,DATASET_PRESENCE,TRUE,TRUE,PARTIALLY_LINKED,"Diagnostic generated record"
mentha-piperita,,,,plant,materiaMedicaPartX.ts,NONE,,NO_MATCH,FALSE,NONE,NONE,EXPLICIT_FALSE,EXPLICIT_FALSE,EXPLICIT_FALSE,EXPLICIT_TRUE,FALSE,FALSE,FALSE,FALSE,MM_ONLY,"Diagnostic generated record"
mentha-pulegium,,,,plant,materiaMedicaPartX.ts,NONE,,NO_MATCH,FALSE,NONE,NONE,EXPLICIT_FALSE,EXPLICIT_FALSE,EXPLICIT_FALSE,EXPLICIT_TRUE,FALSE,FALSE,FALSE,FALSE,MM_ONLY,"Diagnostic generated record"
menyanthes-trifoliata,,,,plant,materiaMedicaPartX.ts,NONE,,NO_MATCH,FALSE,NONE,NONE,EXPLICIT_TRUE,EXPLICIT_TRUE,EXPLICIT_TRUE,DEFAULT_TRUE,DATASET_PRESENCE,DATASET_PRESENCE,TRUE,TRUE,PARTIALLY_LINKED,"Diagnostic generated record"
mephitis-mephitica,,,,animal,materiaMedicaPartX.ts,NONE,,NO_MATCH,FALSE,NONE,NONE,EXPLICIT_FALSE,EXPLICIT_TRUE,EXPLICIT_TRUE,DEFAULT_TRUE,FALSE,FALSE,FALSE,FALSE,MM_ONLY,"Diagnostic generated record"
mercurialis-perennis,,,,plant,materiaMedicaPartX.ts,NONE,,NO_MATCH,FALSE,NONE,NONE,EXPLICIT_FALSE,EXPLICIT_FALSE,EXPLICIT_TRUE,DEFAULT_TRUE,FALSE,FALSE,FALSE,FALSE,MM_ONLY,"Diagnostic generated record"
mercurius-auratus,,,,mineral,materiaMedicaPartX.ts,NONE,,NO_MATCH,FALSE,NONE,NONE,EXPLICIT_FALSE,EXPLICIT_FALSE,EXPLICIT_TRUE,DEFAULT_TRUE,FALSE,DATASET_PRESENCE,FALSE,TRUE,PARTIALLY_LINKED,"Diagnostic generated record"
mercurius-biniodatus,,,,mineral,materiaMedicaPartX.ts,NONE,,NO_MATCH,FALSE,NONE,NONE,EXPLICIT_FALSE,EXPLICIT_FALSE,EXPLICIT_TRUE,DEFAULT_TRUE,FALSE,DATASET_PRESENCE,FALSE,TRUE,PARTIALLY_LINKED,"Diagnostic generated record"
mercurius-corrosivus,,,,mineral,materiaMedicaPartX.ts,NONE,,NO_MATCH,FALSE,NONE,NONE,EXPLICIT_FALSE,EXPLICIT_TRUE,EXPLICIT_TRUE,DEFAULT_TRUE,DATASET_PRESENCE,DATASET_PRESENCE,TRUE,TRUE,PARTIALLY_LINKED,"Diagnostic generated record"
mercurius-cyanatus,,,,mineral,materiaMedicaPartX.ts,NONE,,NO_MATCH,FALSE,NONE,NONE,EXPLICIT_FALSE,EXPLICIT_FALSE,EXPLICIT_TRUE,DEFAULT_TRUE,FALSE,DATASET_PRESENCE,FALSE,TRUE,PARTIALLY_LINKED,"Diagnostic generated record"
mercurius-dulcis,,,,mineral,materiaMedicaPartX.ts,NONE,,NO_MATCH,FALSE,NONE,NONE,EXPLICIT_FALSE,EXPLICIT_FALSE,EXPLICIT_TRUE,DEFAULT_TRUE,FALSE,DATASET_PRESENCE,FALSE,TRUE,PARTIALLY_LINKED,"Diagnostic generated record"
mercurius-iodatus-flavus,,,,mineral,materiaMedicaPartX.ts,NONE,,NO_MATCH,FALSE,NONE,NONE,EXPLICIT_FALSE,EXPLICIT_TRUE,EXPLICIT_TRUE,DEFAULT_TRUE,FALSE,DATASET_PRESENCE,FALSE,TRUE,PARTIALLY_LINKED,"Diagnostic generated record"
mercurius-iodatus-ruber,,,,mineral,materiaMedicaPartX.ts,NONE,,NO_MATCH,FALSE,NONE,NONE,EXPLICIT_FALSE,EXPLICIT_TRUE,EXPLICIT_TRUE,DEFAULT_TRUE,FALSE,DATASET_PRESENCE,FALSE,TRUE,PARTIALLY_LINKED,"Diagnostic generated record"
mercurius-solubilis,,,,mineral,materiaMedicaPartX.ts,NONE,,NO_MATCH,TRUE,mercurius-solubilis,mercurius-solubilis,EXPLICIT_TRUE,EXPLICIT_TRUE,EXPLICIT_TRUE,DEFAULT_TRUE,DATASET_PRESENCE,DATASET_PRESENCE,TRUE,TRUE,PARTIALLY_LINKED,"Diagnostic generated record"
mercurius-sulfuricus,,,,mineral,materiaMedicaPartX.ts,NONE,,NO_MATCH,FALSE,NONE,NONE,EXPLICIT_FALSE,EXPLICIT_FALSE,EXPLICIT_TRUE,DEFAULT_TRUE,DATASET_PRESENCE,DATASET_PRESENCE,TRUE,TRUE,PARTIALLY_LINKED,"Diagnostic generated record"
mercurius-vivus,,,,mineral,materiaMedicaPartX.ts,NONE,,NO_MATCH,FALSE,NONE,NONE,EXPLICIT_TRUE,EXPLICIT_FALSE,EXPLICIT_TRUE,DEFAULT_TRUE,DATASET_PRESENCE,DATASET_PRESENCE,TRUE,TRUE,PARTIALLY_LINKED,"Diagnostic generated record"
mitchella-repens,,,,plant,materiaMedicaPartX.ts,NONE,,NO_MATCH,FALSE,NONE,NONE,EXPLICIT_FALSE,EXPLICIT_FALSE,EXPLICIT_TRUE,DEFAULT_TRUE,FALSE,FALSE,FALSE,FALSE,MM_ONLY,"Diagnostic generated record"
moschus,,,,animal,materiaMedicaPartX.ts,NONE,,NO_MATCH,TRUE,moschus,moschus,EXPLICIT_TRUE,EXPLICIT_TRUE,EXPLICIT_TRUE,DEFAULT_TRUE,DATASET_PRESENCE,FALSE,TRUE,FALSE,PARTIALLY_LINKED,"Diagnostic generated record"
murex-purpurea,,,,animal,materiaMedicaPartX.ts,NONE,,NO_MATCH,FALSE,NONE,NONE,EXPLICIT_FALSE,EXPLICIT_TRUE,EXPLICIT_TRUE,DEFAULT_TRUE,DATASET_PRESENCE,DATASET_PRESENCE,TRUE,TRUE,PARTIALLY_LINKED,"Diagnostic generated record"
muriaticum-acidum,,,,acid,materiaMedicaPartX.ts,NONE,,NO_MATCH,FALSE,NONE,NONE,EXPLICIT_TRUE,EXPLICIT_TRUE,EXPLICIT_TRUE,DEFAULT_TRUE,DATASET_PRESENCE,FALSE,TRUE,FALSE,PARTIALLY_LINKED,"Diagnostic generated record"
mygale-lasiodora,,,,animal,materiaMedicaPartX.ts,NONE,,NO_MATCH,FALSE,NONE,NONE,EXPLICIT_FALSE,EXPLICIT_FALSE,EXPLICIT_TRUE,DEFAULT_TRUE,DATASET_PRESENCE,FALSE,TRUE,FALSE,PARTIALLY_LINKED,"Diagnostic generated record"
myosotis-arvensis,,,,plant,materiaMedicaPartX.ts,NONE,,NO_MATCH,FALSE,NONE,NONE,EXPLICIT_FALSE,EXPLICIT_FALSE,EXPLICIT_FALSE,EXPLICIT_TRUE,FALSE,FALSE,FALSE,FALSE,MM_ONLY,"Diagnostic generated record"
myrica-cerifera,,,,plant,materiaMedicaPartX.ts,NONE,,NO_MATCH,FALSE,NONE,NONE,EXPLICIT_FALSE,EXPLICIT_FALSE,EXPLICIT_TRUE,DEFAULT_TRUE,DATASET_PRESENCE,FALSE,TRUE,FALSE,PARTIALLY_LINKED,"Diagnostic generated record"
myristica-sebifera,,,,plant,materiaMedicaPartX.ts,NONE,,NO_MATCH,FALSE,NONE,NONE,EXPLICIT_FALSE,EXPLICIT_FALSE,EXPLICIT_TRUE,DEFAULT_TRUE,FALSE,FALSE,FALSE,FALSE,MM_ONLY,"Diagnostic generated record"
myrrha,,,,plant,materiaMedicaPartX.ts,NONE,,NO_MATCH,FALSE,NONE,NONE,EXPLICIT_FALSE,EXPLICIT_FALSE,EXPLICIT_FALSE,EXPLICIT_TRUE,FALSE,FALSE,FALSE,FALSE,MM_ONLY,"Diagnostic generated record"
myrtus-communis,,,,plant,materiaMedicaPartX.ts,NONE,,NO_MATCH,FALSE,NONE,NONE,EXPLICIT_FALSE,EXPLICIT_FALSE,EXPLICIT_TRUE,DEFAULT_TRUE,FALSE,FALSE,FALSE,FALSE,MM_ONLY,"Diagnostic generated record"
naja-tripudians,,,,animal,materiaMedicaPartX.ts,NONE,,NO_MATCH,FALSE,NONE,NONE,EXPLICIT_FALSE,EXPLICIT_TRUE,EXPLICIT_TRUE,DEFAULT_TRUE,DATASET_PRESENCE,DATASET_PRESENCE,TRUE,TRUE,PARTIALLY_LINKED,"Diagnostic generated record"
naphthalinum,,,,mineral,materiaMedicaPartX.ts,NONE,,NO_MATCH,FALSE,NONE,NONE,EXPLICIT_FALSE,EXPLICIT_FALSE,EXPLICIT_TRUE,DEFAULT_TRUE,FALSE,FALSE,FALSE,FALSE,MM_ONLY,"Diagnostic generated record"
narcissus-pseudonarcissus,,,,plant,materiaMedicaPartX.ts,NONE,,NO_MATCH,FALSE,NONE,NONE,EXPLICIT_FALSE,EXPLICIT_FALSE,EXPLICIT_TRUE,DEFAULT_TRUE,FALSE,FALSE,FALSE,FALSE,MM_ONLY,"Diagnostic generated record"
nasturtium-aquaticum,,,,plant,materiaMedicaPartX.ts,NONE,,NO_MATCH,FALSE,NONE,NONE,EXPLICIT_FALSE,EXPLICIT_FALSE,EXPLICIT_TRUE,DEFAULT_TRUE,FALSE,FALSE,FALSE,FALSE,MM_ONLY,"Diagnostic generated record"
nasturtium-officinale,,,,plant,materiaMedicaPartX.ts,NONE,,NO_MATCH,FALSE,NONE,NONE,EXPLICIT_FALSE,EXPLICIT_FALSE,EXPLICIT_FALSE,EXPLICIT_TRUE,DATASET_PRESENCE,DATASET_PRESENCE,TRUE,TRUE,PARTIALLY_LINKED,"Diagnostic generated record"
natrium-muriaticum,,,,mineral,materiaMedicaPartX.ts,NONE,,NO_MATCH,FALSE,NONE,NONE,EXPLICIT_TRUE,EXPLICIT_TRUE,EXPLICIT_TRUE,DEFAULT_TRUE,DATASET_PRESENCE,DATASET_PRESENCE,TRUE,TRUE,PARTIALLY_LINKED,"Diagnostic generated record"
natrium-sulfuricum,,,,mineral,materiaMedicaPartX.ts,NONE,,NO_MATCH,FALSE,NONE,NONE,EXPLICIT_TRUE,EXPLICIT_TRUE,EXPLICIT_TRUE,DEFAULT_TRUE,DATASET_PRESENCE,DATASET_PRESENCE,TRUE,TRUE,PARTIALLY_LINKED,"Diagnostic generated record"
natrum-arsenicosum,,,,mineral,materiaMedicaPartX.ts,NONE,,NO_MATCH,FALSE,NONE,NONE,EXPLICIT_FALSE,EXPLICIT_TRUE,EXPLICIT_FALSE,DEFAULT_TRUE,FALSE,FALSE,FALSE,FALSE,MM_ONLY,"Diagnostic generated record"
natrum-bicarbonicum,,,,mineral,materiaMedicaPartX.ts,NONE,,NO_MATCH,FALSE,NONE,NONE,EXPLICIT_FALSE,EXPLICIT_FALSE,EXPLICIT_TRUE,DEFAULT_TRUE,FALSE,FALSE,FALSE,FALSE,MM_ONLY,"Diagnostic generated record"
natrum-carbonicum,,,,mineral,materiaMedicaPartX.ts,NONE,,NO_MATCH,TRUE,natrum-carbonicum,natrum-carbonicum,EXPLICIT_TRUE,EXPLICIT_TRUE,EXPLICIT_TRUE,DEFAULT_TRUE,DATASET_PRESENCE,DATASET_PRESENCE,TRUE,TRUE,PARTIALLY_LINKED,"Diagnostic generated record"
natrum-hypochlorosum,,,,mineral,materiaMedicaPartX.ts,NONE,,NO_MATCH,FALSE,NONE,NONE,EXPLICIT_FALSE,EXPLICIT_FALSE,EXPLICIT_TRUE,DEFAULT_TRUE,FALSE,FALSE,FALSE,FALSE,MM_ONLY,"Diagnostic generated record"
natrum-iodatum,,,,mineral,materiaMedicaPartX.ts,NONE,,NO_MATCH,FALSE,NONE,NONE,EXPLICIT_FALSE,EXPLICIT_FALSE,EXPLICIT_TRUE,DEFAULT_TRUE,FALSE,FALSE,FALSE,FALSE,MM_ONLY,"Diagnostic generated record"
natrum-nitricum,,,,mineral,materiaMedicaPartX.ts,NONE,,NO_MATCH,FALSE,NONE,NONE,EXPLICIT_FALSE,EXPLICIT_FALSE,EXPLICIT_TRUE,DEFAULT_TRUE,FALSE,FALSE,FALSE,FALSE,MM_ONLY,"Diagnostic generated record"
natrum-phosphoricum,,,,mineral,materiaMedicaPartX.ts,NONE,,NO_MATCH,FALSE,NONE,NONE,EXPLICIT_FALSE,EXPLICIT_TRUE,EXPLICIT_TRUE,DEFAULT_TRUE,DATASET_PRESENCE,FALSE,TRUE,FALSE,PARTIALLY_LINKED,"Diagnostic generated record"
natrum-salicylicum,,,,mineral,materiaMedicaPartX.ts,NONE,,NO_MATCH,FALSE,NONE,NONE,EXPLICIT_FALSE,EXPLICIT_FALSE,EXPLICIT_TRUE,DEFAULT_TRUE,FALSE,FALSE,FALSE,FALSE,MM_ONLY,"Diagnostic generated record"
natrum-silicofluoricum,,,,mineral,materiaMedicaPartX.ts,NONE,,NO_MATCH,FALSE,NONE,NONE,EXPLICIT_FALSE,EXPLICIT_FALSE,EXPLICIT_TRUE,DEFAULT_TRUE,FALSE,FALSE,FALSE,FALSE,MM_ONLY,"Diagnostic generated record"
niccolum-metallicum,,,,mineral,materiaMedicaPartX.ts,NONE,,NO_MATCH,FALSE,NONE,NONE,EXPLICIT_FALSE,EXPLICIT_FALSE,EXPLICIT_TRUE,DEFAULT_TRUE,FALSE,FALSE,FALSE,FALSE,MM_ONLY,"Diagnostic generated record"
niccolum-sulfuricum,,,,mineral,materiaMedicaPartX.ts,NONE,,NO_MATCH,FALSE,NONE,NONE,EXPLICIT_FALSE,EXPLICIT_FALSE,EXPLICIT_TRUE,DEFAULT_TRUE,DATASET_PRESENCE,FALSE,TRUE,FALSE,PARTIALLY_LINKED,"Diagnostic generated record"
tabacum,,,,plant,materiaMedicaPartX.ts,NONE,,NO_MATCH,FALSE,NONE,NONE,EXPLICIT_TRUE,EXPLICIT_TRUE,EXPLICIT_TRUE,DEFAULT_TRUE,DATASET_PRESENCE,DATASET_PRESENCE,TRUE,TRUE,PARTIALLY_LINKED,"Diagnostic generated record"
nuphar-luteum,,,,plant,materiaMedicaPartX.ts,NONE,,NO_MATCH,FALSE,NONE,NONE,EXPLICIT_FALSE,EXPLICIT_FALSE,EXPLICIT_TRUE,DEFAULT_TRUE,FALSE,FALSE,FALSE,FALSE,MM_ONLY,"Diagnostic generated record"
nux-moschata,,,,plant,materiaMedicaPartX.ts,NONE,,NO_MATCH,FALSE,NONE,NONE,EXPLICIT_TRUE,EXPLICIT_TRUE,EXPLICIT_TRUE,DEFAULT_TRUE,DATASET_PRESENCE,DATASET_PRESENCE,TRUE,TRUE,PARTIALLY_LINKED,"Diagnostic generated record"
nyctanthes-arbor-tristis,,,,plant,materiaMedicaPartX.ts,NONE,,NO_MATCH,FALSE,NONE,NONE,EXPLICIT_FALSE,EXPLICIT_FALSE,EXPLICIT_FALSE,EXPLICIT_TRUE,FALSE,FALSE,FALSE,FALSE,MM_ONLY,"Diagnostic generated record"
ocimum-canum,,,,plant,materiaMedicaPartX.ts,NONE,,NO_MATCH,FALSE,NONE,NONE,EXPLICIT_FALSE,EXPLICIT_FALSE,EXPLICIT_TRUE,DEFAULT_TRUE,DATASET_PRESENCE,FALSE,TRUE,FALSE,PARTIALLY_LINKED,"Diagnostic generated record"
oenanthe-crocata,,,,plant,materiaMedicaPartX.ts,NONE,,NO_MATCH,FALSE,NONE,NONE,EXPLICIT_FALSE,EXPLICIT_FALSE,EXPLICIT_TRUE,DEFAULT_TRUE,DATASET_PRESENCE,FALSE,TRUE,FALSE,PARTIALLY_LINKED,"Diagnostic generated record"
oenothera-biennis,,,,plant,materiaMedicaPartX.ts,NONE,,NO_MATCH,FALSE,NONE,NONE,EXPLICIT_FALSE,EXPLICIT_FALSE,EXPLICIT_FALSE,EXPLICIT_TRUE,FALSE,FALSE,FALSE,FALSE,MM_ONLY,"Diagnostic generated record"
olea-europaea,,,,plant,materiaMedicaPartX.ts,NONE,,NO_MATCH,FALSE,NONE,NONE,EXPLICIT_FALSE,EXPLICIT_FALSE,EXPLICIT_FALSE,EXPLICIT_TRUE,FALSE,FALSE,FALSE,FALSE,MM_ONLY,"Diagnostic generated record"
oleander,,,,plant,materiaMedicaPartX.ts,NONE,,NO_MATCH,FALSE,NONE,NONE,EXPLICIT_TRUE,EXPLICIT_TRUE,EXPLICIT_TRUE,DEFAULT_TRUE,DATASET_PRESENCE,FALSE,TRUE,FALSE,PARTIALLY_LINKED,"Diagnostic generated record"
oleum-animale,,,,animal,materiaMedicaPartX.ts,NONE,,NO_MATCH,FALSE,NONE,NONE,EXPLICIT_FALSE,EXPLICIT_FALSE,EXPLICIT_TRUE,DEFAULT_TRUE,DATASET_PRESENCE,FALSE,TRUE,FALSE,PARTIALLY_LINKED,"Diagnostic generated record"
oleum-jecoris-aselli,,,,animal,materiaMedicaPartX.ts,NONE,,NO_MATCH,FALSE,NONE,NONE,EXPLICIT_FALSE,EXPLICIT_FALSE,EXPLICIT_TRUE,DEFAULT_TRUE,DATASET_PRESENCE,FALSE,TRUE,FALSE,PARTIALLY_LINKED,"Diagnostic generated record"
onosmodium-virginianum,,,,plant,materiaMedicaPartX.ts,NONE,,NO_MATCH,FALSE,NONE,NONE,EXPLICIT_FALSE,EXPLICIT_FALSE,EXPLICIT_TRUE,DEFAULT_TRUE,DATASET_PRESENCE,FALSE,TRUE,FALSE,PARTIALLY_LINKED,"Diagnostic generated record"
origanum-majorana,,,,plant,materiaMedicaPartX.ts,NONE,,NO_MATCH,FALSE,NONE,NONE,EXPLICIT_FALSE,EXPLICIT_FALSE,EXPLICIT_TRUE,DEFAULT_TRUE,FALSE,FALSE,FALSE,FALSE,MM_ONLY,"Diagnostic generated record"
ornithogalum-umbellatum,,,,plant,materiaMedicaPartX.ts,NONE,,NO_MATCH,FALSE,NONE,NONE,EXPLICIT_FALSE,EXPLICIT_FALSE,EXPLICIT_FALSE,EXPLICIT_TRUE,FALSE,FALSE,FALSE,FALSE,MM_ONLY,"Diagnostic generated record"
orthosiphon-stamineus,,,,plant,materiaMedicaPartX.ts,NONE,,NO_MATCH,FALSE,NONE,NONE,EXPLICIT_FALSE,EXPLICIT_FALSE,EXPLICIT_FALSE,EXPLICIT_TRUE,FALSE,FALSE,FALSE,FALSE,MM_ONLY,"Diagnostic generated record"
osmium-metallicum,,,,mineral,materiaMedicaPartX.ts,NONE,,NO_MATCH,FALSE,NONE,NONE,EXPLICIT_FALSE,EXPLICIT_FALSE,EXPLICIT_TRUE,DEFAULT_TRUE,DATASET_PRESENCE,FALSE,TRUE,FALSE,PARTIALLY_LINKED,"Diagnostic generated record"
ostrya-virginica,,,,plant,materiaMedicaPartX.ts,NONE,,NO_MATCH,FALSE,NONE,NONE,EXPLICIT_FALSE,EXPLICIT_FALSE,EXPLICIT_TRUE,DEFAULT_TRUE,FALSE,FALSE,FALSE,FALSE,MM_ONLY,"Diagnostic generated record"
ova-gallina-pellicula,,,,animal,materiaMedicaPartX.ts,NONE,,NO_MATCH,FALSE,NONE,NONE,EXPLICIT_FALSE,EXPLICIT_FALSE,EXPLICIT_TRUE,DEFAULT_TRUE,FALSE,FALSE,FALSE,FALSE,MM_ONLY,"Diagnostic generated record"
oxalicum-acidum,,,,acid,materiaMedicaPartX.ts,NONE,,NO_MATCH,FALSE,NONE,NONE,EXPLICIT_FALSE,EXPLICIT_TRUE,EXPLICIT_TRUE,DEFAULT_TRUE,DATASET_PRESENCE,FALSE,TRUE,FALSE,PARTIALLY_LINKED,"Diagnostic generated record"
oxydendrum-arboreum,,,,plant,materiaMedicaPartX.ts,NONE,,NO_MATCH,FALSE,NONE,NONE,EXPLICIT_FALSE,EXPLICIT_FALSE,EXPLICIT_FALSE,EXPLICIT_TRUE,FALSE,FALSE,FALSE,FALSE,MM_ONLY,"Diagnostic generated record"
oxytropis-lamberti,,,,plant,materiaMedicaPartX.ts,NONE,,NO_MATCH,FALSE,NONE,NONE,EXPLICIT_FALSE,EXPLICIT_FALSE,EXPLICIT_TRUE,DEFAULT_TRUE,FALSE,FALSE,FALSE,FALSE,MM_ONLY,"Diagnostic generated record"
paeonia-officinalis,,,,plant,materiaMedicaPartX.ts,NONE,,NO_MATCH,FALSE,NONE,NONE,EXPLICIT_FALSE,EXPLICIT_FALSE,EXPLICIT_TRUE,DEFAULT_TRUE,DATASET_PRESENCE,DATASET_PRESENCE,TRUE,TRUE,PARTIALLY_LINKED,"Diagnostic generated record"
palladium-metallicum,,,,mineral,materiaMedicaPartX.ts,NONE,,NO_MATCH,FALSE,NONE,NONE,EXPLICIT_FALSE,EXPLICIT_TRUE,EXPLICIT_TRUE,DEFAULT_TRUE,DATASET_PRESENCE,FALSE,TRUE,FALSE,PARTIALLY_LINKED,"Diagnostic generated record"
opium,,,,plant,materiaMedicaPartX.ts,NONE,,NO_MATCH,FALSE,NONE,NONE,EXPLICIT_TRUE,EXPLICIT_TRUE,EXPLICIT_TRUE,DEFAULT_TRUE,DATASET_PRESENCE,DATASET_PRESENCE,TRUE,TRUE,PARTIALLY_LINKED,"Diagnostic generated record"
pareira-brava,,,,plant,materiaMedicaPartX.ts,NONE,,NO_MATCH,FALSE,NONE,NONE,EXPLICIT_FALSE,EXPLICIT_FALSE,EXPLICIT_TRUE,DEFAULT_TRUE,DATASET_PRESENCE,FALSE,TRUE,FALSE,PARTIALLY_LINKED,"Diagnostic generated record"
paris-quadrifolia,,,,plant,materiaMedicaPartX.ts,NONE,,NO_MATCH,TRUE,paris-quadrifolia,paris-quadrifolia,EXPLICIT_FALSE,EXPLICIT_FALSE,EXPLICIT_TRUE,DEFAULT_TRUE,DATASET_PRESENCE,FALSE,TRUE,FALSE,PARTIALLY_LINKED,"Diagnostic generated record"
passiflora-incarnata,,,,plant,materiaMedicaPartX.ts,NONE,,NO_MATCH,FALSE,NONE,NONE,EXPLICIT_FALSE,EXPLICIT_FALSE,EXPLICIT_TRUE,DEFAULT_TRUE,FALSE,FALSE,FALSE,FALSE,MM_ONLY,"Diagnostic generated record"
paullinia-cupana,,,,plant,materiaMedicaPartX.ts,NONE,,NO_MATCH,FALSE,NONE,NONE,EXPLICIT_FALSE,EXPLICIT_FALSE,EXPLICIT_FALSE,EXPLICIT_TRUE,FALSE,FALSE,FALSE,FALSE,MM_ONLY,"Diagnostic generated record"
petroleum,,,,mineral,materiaMedicaPartX.ts,NONE,,NO_MATCH,TRUE,petroleum,petroleum,EXPLICIT_TRUE,EXPLICIT_TRUE,EXPLICIT_TRUE,DEFAULT_TRUE,DATASET_PRESENCE,DATASET_PRESENCE,TRUE,TRUE,PARTIALLY_LINKED,"Diagnostic generated record"
petroselinum-sativum,,,,plant,materiaMedicaPartX.ts,NONE,,NO_MATCH,FALSE,NONE,NONE,EXPLICIT_FALSE,EXPLICIT_TRUE,EXPLICIT_TRUE,DEFAULT_TRUE,FALSE,DATASET_PRESENCE,FALSE,TRUE,PARTIALLY_LINKED,"Diagnostic generated record"
phaseolus-nanus,,,,plant,materiaMedicaPartX.ts,NONE,,NO_MATCH,FALSE,NONE,NONE,EXPLICIT_FALSE,EXPLICIT_FALSE,EXPLICIT_FALSE,EXPLICIT_TRUE,FALSE,FALSE,FALSE,FALSE,MM_ONLY,"Diagnostic generated record"
phellandrium-aquaticum,,,,plant,materiaMedicaPartX.ts,NONE,,NO_MATCH,FALSE,NONE,NONE,EXPLICIT_FALSE,EXPLICIT_FALSE,EXPLICIT_TRUE,DEFAULT_TRUE,DATASET_PRESENCE,FALSE,TRUE,FALSE,PARTIALLY_LINKED,"Diagnostic generated record"
phosphorus,,,,mineral,materiaMedicaPartX.ts,NONE,,NO_MATCH,TRUE,phosphorus,phosphorus,EXPLICIT_TRUE,EXPLICIT_TRUE,EXPLICIT_TRUE,DEFAULT_TRUE,DATASET_PRESENCE,DATASET_PRESENCE,TRUE,TRUE,PARTIALLY_LINKED,"Diagnostic generated record"
physostigma-venenosum,,,,plant,materiaMedicaPartX.ts,NONE,,NO_MATCH,FALSE,NONE,NONE,EXPLICIT_FALSE,EXPLICIT_FALSE,EXPLICIT_TRUE,DEFAULT_TRUE,DATASET_PRESENCE,DATASET_PRESENCE,TRUE,TRUE,PARTIALLY_LINKED,"Diagnostic generated record"
phytolacca-americana,,,,plant,materiaMedicaPartX.ts,NONE,,NO_MATCH,FALSE,NONE,NONE,EXPLICIT_TRUE,EXPLICIT_TRUE,EXPLICIT_TRUE,DEFAULT_TRUE,FALSE,DATASET_PRESENCE,FALSE,TRUE,PARTIALLY_LINKED,"Diagnostic generated record"
pichi-pichi,,,,plant,materiaMedicaPartX.ts,NONE,,NO_MATCH,FALSE,NONE,NONE,EXPLICIT_FALSE,EXPLICIT_FALSE,EXPLICIT_FALSE,EXPLICIT_TRUE,FALSE,FALSE,FALSE,FALSE,MM_ONLY,"Diagnostic generated record"
picricum-acidum,,,,acid,materiaMedicaPartX.ts,NONE,,NO_MATCH,FALSE,NONE,NONE,EXPLICIT_FALSE,EXPLICIT_TRUE,EXPLICIT_TRUE,DEFAULT_TRUE,DATASET_PRESENCE,DATASET_PRESENCE,TRUE,TRUE,PARTIALLY_LINKED,"Diagnostic generated record"
pimpinella-saxifraga,,,,plant,materiaMedicaPartX.ts,NONE,,NO_MATCH,FALSE,NONE,NONE,EXPLICIT_FALSE,EXPLICIT_FALSE,EXPLICIT_TRUE,DEFAULT_TRUE,FALSE,FALSE,FALSE,FALSE,MM_ONLY,"Diagnostic generated record"
pinus-sylvestris,,,,plant,materiaMedicaPartX.ts,NONE,,NO_MATCH,FALSE,NONE,NONE,EXPLICIT_FALSE,EXPLICIT_FALSE,EXPLICIT_TRUE,DEFAULT_TRUE,FALSE,FALSE,FALSE,FALSE,MM_ONLY,"Diagnostic generated record"
piper-methysticum,,,,plant,materiaMedicaPartX.ts,NONE,,NO_MATCH,FALSE,NONE,NONE,EXPLICIT_FALSE,EXPLICIT_FALSE,EXPLICIT_TRUE,DEFAULT_TRUE,FALSE,FALSE,FALSE,FALSE,MM_ONLY,"Diagnostic generated record"
piper-nigrum,,,,plant,materiaMedicaPartX.ts,NONE,,NO_MATCH,FALSE,NONE,NONE,EXPLICIT_FALSE,EXPLICIT_FALSE,EXPLICIT_TRUE,DEFAULT_TRUE,FALSE,FALSE,FALSE,FALSE,MM_ONLY,"Diagnostic generated record"
piscidia-erythrina,,,,plant,materiaMedicaPartX.ts,NONE,,NO_MATCH,FALSE,NONE,NONE,EXPLICIT_FALSE,EXPLICIT_FALSE,EXPLICIT_FALSE,EXPLICIT_TRUE,FALSE,FALSE,FALSE,FALSE,MM_ONLY,"Diagnostic generated record"
plantago-major,,,,plant,materiaMedicaPartX.ts,NONE,,NO_MATCH,TRUE,plantago-major,plantago-major,EXPLICIT_FALSE,EXPLICIT_FALSE,EXPLICIT_TRUE,DEFAULT_TRUE,DATASET_PRESENCE,FALSE,TRUE,FALSE,PARTIALLY_LINKED,"Diagnostic generated record"
platinum-metallicum,,,,mineral,materiaMedicaPartX.ts,NONE,,NO_MATCH,FALSE,NONE,NONE,EXPLICIT_TRUE,EXPLICIT_TRUE,EXPLICIT_TRUE,DEFAULT_TRUE,FALSE,DATASET_PRESENCE,FALSE,TRUE,PARTIALLY_LINKED,"Diagnostic generated record"
platinum-muriaticum,,,,mineral,materiaMedicaPartX.ts,NONE,,NO_MATCH,FALSE,NONE,NONE,EXPLICIT_FALSE,EXPLICIT_FALSE,EXPLICIT_TRUE,DEFAULT_TRUE,FALSE,FALSE,FALSE,FALSE,MM_ONLY,"Diagnostic generated record"
plumbum-aceticum,,,,mineral,materiaMedicaPartX.ts,NONE,,NO_MATCH,FALSE,NONE,NONE,EXPLICIT_TRUE,EXPLICIT_FALSE,EXPLICIT_TRUE,DEFAULT_TRUE,FALSE,DATASET_PRESENCE,FALSE,TRUE,PARTIALLY_LINKED,"Diagnostic generated record"
plumbum-carbonicum,,,,mineral,materiaMedicaPartX.ts,NONE,,NO_MATCH,FALSE,NONE,NONE,EXPLICIT_FALSE,EXPLICIT_FALSE,EXPLICIT_TRUE,DEFAULT_TRUE,FALSE,DATASET_PRESENCE,FALSE,TRUE,PARTIALLY_LINKED,"Diagnostic generated record"
plumbum-iodatum,,,,mineral,materiaMedicaPartX.ts,NONE,,NO_MATCH,FALSE,NONE,NONE,EXPLICIT_FALSE,EXPLICIT_FALSE,EXPLICIT_TRUE,DEFAULT_TRUE,FALSE,DATASET_PRESENCE,FALSE,TRUE,PARTIALLY_LINKED,"Diagnostic generated record"
plumbum-metallicum,,,,mineral,materiaMedicaPartX.ts,NONE,,NO_MATCH,FALSE,NONE,NONE,EXPLICIT_TRUE,EXPLICIT_TRUE,EXPLICIT_TRUE,DEFAULT_TRUE,DATASET_PRESENCE,DATASET_PRESENCE,TRUE,TRUE,PARTIALLY_LINKED,"Diagnostic generated record"
podophyllum-peltatum,,,,plant,materiaMedicaPartX.ts,NONE,,NO_MATCH,FALSE,NONE,NONE,EXPLICIT_FALSE,EXPLICIT_TRUE,EXPLICIT_TRUE,DEFAULT_TRUE,DATASET_PRESENCE,DATASET_PRESENCE,TRUE,TRUE,PARTIALLY_LINKED,"Diagnostic generated record"
polygonum-hydropiperoides,,,,plant,materiaMedicaPartX.ts,NONE,,NO_MATCH,FALSE,NONE,NONE,EXPLICIT_FALSE,EXPLICIT_FALSE,EXPLICIT_TRUE,DEFAULT_TRUE,FALSE,FALSE,FALSE,FALSE,MM_ONLY,"Diagnostic generated record"
polyporus-officinalis,,,,plant,materiaMedicaPartX.ts,NONE,,NO_MATCH,FALSE,NONE,NONE,EXPLICIT_FALSE,EXPLICIT_FALSE,EXPLICIT_TRUE,DEFAULT_TRUE,DATASET_PRESENCE,DATASET_PRESENCE,TRUE,TRUE,PARTIALLY_LINKED,"Diagnostic generated record"
populus-candicans,,,,plant,materiaMedicaPartX.ts,NONE,,NO_MATCH,FALSE,NONE,NONE,EXPLICIT_FALSE,EXPLICIT_FALSE,EXPLICIT_FALSE,EXPLICIT_TRUE,FALSE,FALSE,FALSE,FALSE,MM_ONLY,"Diagnostic generated record"
populus-tremuloides,,,,plant,materiaMedicaPartX.ts,NONE,,NO_MATCH,FALSE,NONE,NONE,EXPLICIT_FALSE,EXPLICIT_FALSE,EXPLICIT_TRUE,DEFAULT_TRUE,FALSE,FALSE,FALSE,FALSE,MM_ONLY,"Diagnostic generated record"
pothos-foetidus,,,,plant,materiaMedicaPartX.ts,NONE,,NO_MATCH,FALSE,NONE,NONE,EXPLICIT_FALSE,EXPLICIT_FALSE,EXPLICIT_TRUE,DEFAULT_TRUE,FALSE,FALSE,FALSE,FALSE,MM_ONLY,"Diagnostic generated record"
primula-obconica,,,,plant,materiaMedicaPartX.ts,NONE,,NO_MATCH,FALSE,NONE,NONE,EXPLICIT_FALSE,EXPLICIT_FALSE,EXPLICIT_FALSE,EXPLICIT_TRUE,FALSE,FALSE,FALSE,FALSE,MM_ONLY,"Diagnostic generated record"
prunus-spinosa,,,,plant,materiaMedicaPartX.ts,NONE,,NO_MATCH,FALSE,NONE,NONE,EXPLICIT_FALSE,EXPLICIT_FALSE,EXPLICIT_TRUE,DEFAULT_TRUE,DATASET_PRESENCE,FALSE,TRUE,FALSE,PARTIALLY_LINKED,"Diagnostic generated record"
prunus-virginiana,,,,plant,materiaMedicaPartX.ts,NONE,,NO_MATCH,FALSE,NONE,NONE,EXPLICIT_FALSE,EXPLICIT_FALSE,EXPLICIT_FALSE,EXPLICIT_TRUE,FALSE,FALSE,FALSE,FALSE,MM_ONLY,"Diagnostic generated record"
psoralea-corylifolia,,,,plant,materiaMedicaPartX.ts,NONE,,NO_MATCH,FALSE,NONE,NONE,EXPLICIT_FALSE,EXPLICIT_FALSE,EXPLICIT_FALSE,EXPLICIT_TRUE,FALSE,FALSE,FALSE,FALSE,MM_ONLY,"Diagnostic generated record"
psorinum,,,,nosode,materiaMedicaPartX.ts,NONE,,NO_MATCH,TRUE,psorinum,psorinum,EXPLICIT_FALSE,EXPLICIT_TRUE,EXPLICIT_FALSE,DEFAULT_TRUE,DATASET_PRESENCE,DATASET_PRESENCE,TRUE,TRUE,PARTIALLY_LINKED,"Diagnostic generated record"
ptelea-trifoliata,,,,plant,materiaMedicaPartX.ts,NONE,,NO_MATCH,FALSE,NONE,NONE,EXPLICIT_FALSE,EXPLICIT_FALSE,EXPLICIT_TRUE,DEFAULT_TRUE,FALSE,FALSE,FALSE,FALSE,MM_ONLY,"Diagnostic generated record"
pulsatilla-pratensis,,,,plant,materiaMedicaPartX.ts,NONE,,NO_MATCH,FALSE,NONE,NONE,EXPLICIT_TRUE,EXPLICIT_TRUE,EXPLICIT_TRUE,DEFAULT_TRUE,DATASET_PRESENCE,DATASET_PRESENCE,TRUE,TRUE,PARTIALLY_LINKED,"Diagnostic generated record"
pyrogenium,,,,nosode,materiaMedicaPartX.ts,NONE,,NO_MATCH,FALSE,NONE,NONE,EXPLICIT_FALSE,EXPLICIT_TRUE,EXPLICIT_TRUE,DEFAULT_TRUE,DATASET_PRESENCE,DATASET_PRESENCE,TRUE,TRUE,PARTIALLY_LINKED,"Diagnostic generated record"
quassia-amara,,,,plant,materiaMedicaPartX.ts,NONE,,NO_MATCH,FALSE,NONE,NONE,EXPLICIT_FALSE,EXPLICIT_FALSE,EXPLICIT_TRUE,DEFAULT_TRUE,FALSE,FALSE,FALSE,FALSE,MM_ONLY,"Diagnostic generated record"
quebracho,,,,plant,materiaMedicaPartX.ts,NONE,,NO_MATCH,FALSE,NONE,NONE,EXPLICIT_FALSE,EXPLICIT_FALSE,EXPLICIT_TRUE,DEFAULT_TRUE,FALSE,FALSE,FALSE,FALSE,MM_ONLY,"Diagnostic generated record"
quercus-glandium-spiritus,,,,plant,materiaMedicaPartX.ts,NONE,,NO_MATCH,FALSE,NONE,NONE,EXPLICIT_FALSE,EXPLICIT_FALSE,EXPLICIT_FALSE,EXPLICIT_TRUE,FALSE,FALSE,FALSE,FALSE,MM_ONLY,"Diagnostic generated record"
quercus-robur,,,,plant,materiaMedicaPartX.ts,NONE,,NO_MATCH,FALSE,NONE,NONE,EXPLICIT_FALSE,EXPLICIT_FALSE,EXPLICIT_TRUE,DEFAULT_TRUE,FALSE,FALSE,FALSE,FALSE,MM_ONLY,"Diagnostic generated record"
radium-bromatum,,,,mineral,materiaMedicaPartX.ts,NONE,,NO_MATCH,FALSE,NONE,NONE,EXPLICIT_FALSE,EXPLICIT_TRUE,EXPLICIT_FALSE,DEFAULT_TRUE,DATASET_PRESENCE,FALSE,TRUE,FALSE,PARTIALLY_LINKED,"Diagnostic generated record"
radix-angelicae,,,,plant,materiaMedicaPartX.ts,NONE,,NO_MATCH,FALSE,NONE,NONE,EXPLICIT_FALSE,EXPLICIT_FALSE,EXPLICIT_TRUE,DEFAULT_TRUE,FALSE,FALSE,FALSE,FALSE,MM_ONLY,"Diagnostic generated record"
ranunculus-acris,,,,plant,materiaMedicaPartX.ts,NONE,,NO_MATCH,FALSE,NONE,NONE,EXPLICIT_FALSE,EXPLICIT_FALSE,EXPLICIT_TRUE,DEFAULT_TRUE,FALSE,FALSE,FALSE,FALSE,MM_ONLY,"Diagnostic generated record"
ranunculus-bulbosus,,,,plant,materiaMedicaPartX.ts,NONE,,NO_MATCH,FALSE,NONE,NONE,EXPLICIT_TRUE,EXPLICIT_TRUE,EXPLICIT_TRUE,DEFAULT_TRUE,DATASET_PRESENCE,DATASET_PRESENCE,TRUE,TRUE,PARTIALLY_LINKED,"Diagnostic generated record"
ranunculus-sceleratus,,,,plant,materiaMedicaPartX.ts,NONE,,NO_MATCH,FALSE,NONE,NONE,EXPLICIT_TRUE,EXPLICIT_TRUE,EXPLICIT_TRUE,DEFAULT_TRUE,DATASET_PRESENCE,FALSE,TRUE,FALSE,PARTIALLY_LINKED,"Diagnostic generated record"
raphanus-sativus,,,,plant,materiaMedicaPartX.ts,NONE,,NO_MATCH,FALSE,NONE,NONE,EXPLICIT_FALSE,EXPLICIT_FALSE,EXPLICIT_TRUE,DEFAULT_TRUE,FALSE,FALSE,FALSE,FALSE,MM_ONLY,"Diagnostic generated record"
ratanhia-peruviana,,,,plant,materiaMedicaPartX.ts,NONE,,NO_MATCH,FALSE,NONE,NONE,EXPLICIT_FALSE,EXPLICIT_FALSE,EXPLICIT_TRUE,DEFAULT_TRUE,DATASET_PRESENCE,DATASET_PRESENCE,TRUE,TRUE,PARTIALLY_LINKED,"Diagnostic generated record"
rhamnus-californica,,,,plant,materiaMedicaPartX.ts,NONE,,NO_MATCH,FALSE,NONE,NONE,EXPLICIT_FALSE,EXPLICIT_FALSE,EXPLICIT_FALSE,EXPLICIT_TRUE,FALSE,FALSE,FALSE,FALSE,MM_ONLY,"Diagnostic generated record"
rheum-palmatum,,,,plant,materiaMedicaPartX.ts,NONE,,NO_MATCH,FALSE,NONE,NONE,EXPLICIT_TRUE,EXPLICIT_FALSE,EXPLICIT_TRUE,DEFAULT_TRUE,DATASET_PRESENCE,DATASET_PRESENCE,TRUE,TRUE,PARTIALLY_LINKED,"Diagnostic generated record"
rhododendron-chrysanthum,,,,plant,materiaMedicaPartX.ts,NONE,,NO_MATCH,TRUE,rhododendron-chrysanthum,rhododendron-chrysanthum,EXPLICIT_TRUE,EXPLICIT_TRUE,EXPLICIT_TRUE,DEFAULT_TRUE,DATASET_PRESENCE,DATASET_PRESENCE,TRUE,TRUE,PARTIALLY_LINKED,"Diagnostic generated record"
ledum-palustre,,,,plant,materiaMedicaPartX.ts,NONE,,NO_MATCH,TRUE,ledum-palustre,ledum-palustre,EXPLICIT_TRUE,EXPLICIT_TRUE,EXPLICIT_TRUE,DEFAULT_TRUE,DATASET_PRESENCE,DATASET_PRESENCE,TRUE,TRUE,PARTIALLY_LINKED,"Diagnostic generated record"
rhus-aromatica,,,,plant,materiaMedicaPartX.ts,NONE,,NO_MATCH,FALSE,NONE,NONE,EXPLICIT_FALSE,EXPLICIT_FALSE,EXPLICIT_TRUE,DEFAULT_TRUE,FALSE,FALSE,FALSE,FALSE,MM_ONLY,"Diagnostic generated record"
rhus-glabra,,,,plant,materiaMedicaPartX.ts,NONE,,NO_MATCH,FALSE,NONE,NONE,EXPLICIT_FALSE,EXPLICIT_FALSE,EXPLICIT_TRUE,DEFAULT_TRUE,FALSE,FALSE,FALSE,FALSE,MM_ONLY,"Diagnostic generated record"
rhus-venenata,,,,plant,materiaMedicaPartX.ts,NONE,,NO_MATCH,FALSE,NONE,NONE,EXPLICIT_FALSE,EXPLICIT_FALSE,EXPLICIT_TRUE,DEFAULT_TRUE,FALSE,FALSE,FALSE,FALSE,MM_ONLY,"Diagnostic generated record"
ricinus-communis,,,,plant,materiaMedicaPartX.ts,NONE,,NO_MATCH,FALSE,NONE,NONE,EXPLICIT_FALSE,EXPLICIT_FALSE,EXPLICIT_TRUE,DEFAULT_TRUE,FALSE,FALSE,FALSE,FALSE,MM_ONLY,"Diagnostic generated record"
robinia-pseudoacacia,,,,plant,materiaMedicaPartX.ts,NONE,,NO_MATCH,FALSE,NONE,NONE,EXPLICIT_FALSE,EXPLICIT_FALSE,EXPLICIT_TRUE,DEFAULT_TRUE,FALSE,FALSE,FALSE,FALSE,MM_ONLY,"Diagnostic generated record"
rosa-damascena,,,,plant,materiaMedicaPartX.ts,NONE,,NO_MATCH,FALSE,NONE,NONE,EXPLICIT_FALSE,EXPLICIT_FALSE,EXPLICIT_TRUE,DEFAULT_TRUE,FALSE,FALSE,FALSE,FALSE,MM_ONLY,"Diagnostic generated record"
rumex-crispus,,,,plant,materiaMedicaPartX.ts,NONE,,NO_MATCH,TRUE,rumex-crispus,rumex-crispus,EXPLICIT_FALSE,EXPLICIT_TRUE,EXPLICIT_TRUE,DEFAULT_TRUE,DATASET_PRESENCE,DATASET_PRESENCE,TRUE,TRUE,PARTIALLY_LINKED,"Diagnostic generated record"
ruta-graveolens,,,,plant,materiaMedicaPartX.ts,NONE,,NO_MATCH,TRUE,ruta-graveolens,ruta-graveolens,EXPLICIT_TRUE,EXPLICIT_TRUE,EXPLICIT_TRUE,DEFAULT_TRUE,DATASET_PRESENCE,DATASET_PRESENCE,TRUE,TRUE,PARTIALLY_LINKED,"Diagnostic generated record"
sabal-serrulata,,,,plant,materiaMedicaPartX.ts,NONE,,NO_MATCH,FALSE,NONE,NONE,EXPLICIT_FALSE,EXPLICIT_FALSE,EXPLICIT_FALSE,EXPLICIT_TRUE,DATASET_PRESENCE,FALSE,TRUE,FALSE,PARTIALLY_LINKED,"Diagnostic generated record"
sabina,,,,plant,materiaMedicaPartX.ts,NONE,,NO_MATCH,TRUE,sabina,sabina,EXPLICIT_TRUE,EXPLICIT_TRUE,EXPLICIT_TRUE,DEFAULT_TRUE,DATASET_PRESENCE,DATASET_PRESENCE,TRUE,TRUE,PARTIALLY_LINKED,"Diagnostic generated record"
saccharum-album,,,,plant,materiaMedicaPartX.ts,NONE,,NO_MATCH,FALSE,NONE,NONE,EXPLICIT_FALSE,EXPLICIT_FALSE,EXPLICIT_TRUE,DEFAULT_TRUE,FALSE,FALSE,FALSE,FALSE,MM_ONLY,"Diagnostic generated record"
saccharum-lactis,,,,animal,materiaMedicaPartX.ts,NONE,,NO_MATCH,FALSE,NONE,NONE,EXPLICIT_FALSE,EXPLICIT_FALSE,EXPLICIT_TRUE,DEFAULT_TRUE,FALSE,FALSE,FALSE,FALSE,MM_ONLY,"Diagnostic generated record"
salicylicum-acidum,,,,acid,materiaMedicaPartX.ts,NONE,,NO_MATCH,FALSE,NONE,NONE,EXPLICIT_FALSE,EXPLICIT_FALSE,EXPLICIT_TRUE,DEFAULT_TRUE,FALSE,FALSE,FALSE,FALSE,MM_ONLY,"Diagnostic generated record"
salix-nigra,,,,plant,materiaMedicaPartX.ts,NONE,,NO_MATCH,FALSE,NONE,NONE,EXPLICIT_FALSE,EXPLICIT_FALSE,EXPLICIT_TRUE,DEFAULT_TRUE,FALSE,FALSE,FALSE,FALSE,MM_ONLY,"Diagnostic generated record"
salvia-officinalis,,,,plant,materiaMedicaPartX.ts,NONE,,NO_MATCH,FALSE,NONE,NONE,EXPLICIT_FALSE,EXPLICIT_FALSE,EXPLICIT_FALSE,EXPLICIT_TRUE,DATASET_PRESENCE,DATASET_PRESENCE,TRUE,TRUE,PARTIALLY_LINKED,"Diagnostic generated record"
sambucus-nigra,,,,plant,materiaMedicaPartX.ts,NONE,,NO_MATCH,TRUE,sambucus-nigra,sambucus-nigra,EXPLICIT_TRUE,EXPLICIT_TRUE,EXPLICIT_TRUE,DEFAULT_TRUE,DATASET_PRESENCE,DATASET_PRESENCE,TRUE,TRUE,PARTIALLY_LINKED,"Diagnostic generated record"
sanguinaria-canadensis,,,,plant,materiaMedicaPartX.ts,NONE,,NO_MATCH,TRUE,sanguinaria-canadensis,sanguinaria-canadensis,EXPLICIT_FALSE,EXPLICIT_TRUE,EXPLICIT_TRUE,DEFAULT_TRUE,DATASET_PRESENCE,DATASET_PRESENCE,TRUE,TRUE,PARTIALLY_LINKED,"Diagnostic generated record"
sanicula-aqua,,,,mineral,materiaMedicaPartX.ts,NONE,,NO_MATCH,FALSE,NONE,NONE,EXPLICIT_FALSE,EXPLICIT_TRUE,EXPLICIT_FALSE,DEFAULT_TRUE,DATASET_PRESENCE,DATASET_PRESENCE,TRUE,TRUE,PARTIALLY_LINKED,"Diagnostic generated record"
santoninum,,,,mineral,materiaMedicaPartX.ts,NONE,,NO_MATCH,FALSE,NONE,NONE,EXPLICIT_FALSE,EXPLICIT_FALSE,EXPLICIT_TRUE,DEFAULT_TRUE,FALSE,FALSE,FALSE,FALSE,MM_ONLY,"Diagnostic generated record"
saponaria-officinalis,,,,plant,materiaMedicaPartX.ts,NONE,,NO_MATCH,FALSE,NONE,NONE,EXPLICIT_FALSE,EXPLICIT_FALSE,EXPLICIT_TRUE,DEFAULT_TRUE,DATASET_PRESENCE,DATASET_PRESENCE,TRUE,TRUE,PARTIALLY_LINKED,"Diagnostic generated record"
sarcolacticum-acidum,,,,mineral,materiaMedicaPartX.ts,NONE,,NO_MATCH,FALSE,NONE,NONE,EXPLICIT_FALSE,EXPLICIT_FALSE,EXPLICIT_FALSE,EXPLICIT_TRUE,FALSE,FALSE,FALSE,FALSE,MM_ONLY,"Diagnostic generated record"
sarsaparilla,,,,plant,materiaMedicaPartX.ts,NONE,,NO_MATCH,TRUE,sarsaparilla,sarsaparilla,EXPLICIT_TRUE,EXPLICIT_TRUE,EXPLICIT_TRUE,DEFAULT_TRUE,DATASET_PRESENCE,DATASET_PRESENCE,TRUE,TRUE,PARTIALLY_LINKED,"Diagnostic generated record"
sabadilla,,,,plant,materiaMedicaPartX.ts,NONE,,NO_MATCH,FALSE,NONE,NONE,EXPLICIT_TRUE,EXPLICIT_TRUE,EXPLICIT_TRUE,DEFAULT_TRUE,DATASET_PRESENCE,DATASET_PRESENCE,TRUE,TRUE,PARTIALLY_LINKED,"Diagnostic generated record"
scilla-maritima,,,,plant,materiaMedicaPartX.ts,NONE,,NO_MATCH,FALSE,NONE,NONE,EXPLICIT_FALSE,EXPLICIT_FALSE,EXPLICIT_FALSE,EXPLICIT_TRUE,DATASET_PRESENCE,FALSE,TRUE,FALSE,PARTIALLY_LINKED,"Diagnostic generated record"
scrophularia-nodosa,,,,plant,materiaMedicaPartX.ts,NONE,,NO_MATCH,FALSE,NONE,NONE,EXPLICIT_FALSE,EXPLICIT_FALSE,EXPLICIT_FALSE,EXPLICIT_TRUE,FALSE,FALSE,FALSE,FALSE,MM_ONLY,"Diagnostic generated record"
scutellaria-lateriflora,,,,plant,materiaMedicaPartX.ts,NONE,,NO_MATCH,FALSE,NONE,NONE,EXPLICIT_FALSE,EXPLICIT_FALSE,EXPLICIT_FALSE,EXPLICIT_TRUE,FALSE,FALSE,FALSE,FALSE,MM_ONLY,"Diagnostic generated record"
secale-cornutum,,,,plant,materiaMedicaPartX.ts,NONE,,NO_MATCH,FALSE,NONE,NONE,EXPLICIT_TRUE,EXPLICIT_TRUE,EXPLICIT_TRUE,DEFAULT_TRUE,DATASET_PRESENCE,DATASET_PRESENCE,TRUE,TRUE,PARTIALLY_LINKED,"Diagnostic generated record"
sedum-acre,,,,plant,materiaMedicaPartX.ts,NONE,,NO_MATCH,FALSE,NONE,NONE,EXPLICIT_FALSE,EXPLICIT_FALSE,EXPLICIT_FALSE,EXPLICIT_TRUE,FALSE,FALSE,FALSE,FALSE,MM_ONLY,"Diagnostic generated record"
selenium-metallicum,,,,mineral,materiaMedicaPartX.ts,NONE,,NO_MATCH,FALSE,NONE,NONE,EXPLICIT_TRUE,EXPLICIT_TRUE,EXPLICIT_TRUE,DEFAULT_TRUE,DATASET_PRESENCE,DATASET_PRESENCE,TRUE,TRUE,PARTIALLY_LINKED,"Diagnostic generated record"
sempervivum-tectorum,,,,plant,materiaMedicaPartX.ts,NONE,,NO_MATCH,FALSE,NONE,NONE,EXPLICIT_FALSE,EXPLICIT_FALSE,EXPLICIT_TRUE,DEFAULT_TRUE,FALSE,FALSE,FALSE,FALSE,MM_ONLY,"Diagnostic generated record"
senecio-aureus,,,,plant,materiaMedicaPartX.ts,NONE,,NO_MATCH,FALSE,NONE,NONE,EXPLICIT_FALSE,EXPLICIT_TRUE,EXPLICIT_TRUE,DEFAULT_TRUE,DATASET_PRESENCE,FALSE,TRUE,FALSE,PARTIALLY_LINKED,"Diagnostic generated record"
senega,,,,plant,materiaMedicaPartX.ts,NONE,,NO_MATCH,TRUE,senega,senega,EXPLICIT_FALSE,EXPLICIT_TRUE,EXPLICIT_TRUE,DEFAULT_TRUE,DATASET_PRESENCE,FALSE,TRUE,FALSE,PARTIALLY_LINKED,"Diagnostic generated record"
sepia-officinalis,,,,animal,materiaMedicaPartX.ts,NONE,,NO_MATCH,TRUE,sepia-officinalis,sepia-officinalis,EXPLICIT_TRUE,EXPLICIT_TRUE,EXPLICIT_TRUE,DEFAULT_TRUE,DATASET_PRESENCE,DATASET_PRESENCE,TRUE,TRUE,PARTIALLY_LINKED,"Diagnostic generated record"
silicea,,,,mineral,materiaMedicaPartX.ts,NONE,,NO_MATCH,TRUE,silicea,silicea,EXPLICIT_TRUE,EXPLICIT_TRUE,EXPLICIT_TRUE,DEFAULT_TRUE,DATASET_PRESENCE,DATASET_PRESENCE,TRUE,TRUE,PARTIALLY_LINKED,"Diagnostic generated record"
silphium-laciniatum,,,,plant,materiaMedicaPartX.ts,NONE,,NO_MATCH,FALSE,NONE,NONE,EXPLICIT_FALSE,EXPLICIT_FALSE,EXPLICIT_FALSE,EXPLICIT_TRUE,FALSE,FALSE,FALSE,FALSE,MM_ONLY,"Diagnostic generated record"
sinapis-alba,,,,plant,materiaMedicaPartX.ts,NONE,,NO_MATCH,FALSE,NONE,NONE,EXPLICIT_FALSE,EXPLICIT_FALSE,EXPLICIT_TRUE,DEFAULT_TRUE,FALSE,FALSE,FALSE,FALSE,MM_ONLY,"Diagnostic generated record"
sinapis-nigra,,,,plant,materiaMedicaPartX.ts,NONE,,NO_MATCH,FALSE,NONE,NONE,EXPLICIT_FALSE,EXPLICIT_FALSE,EXPLICIT_TRUE,DEFAULT_TRUE,FALSE,FALSE,FALSE,FALSE,MM_ONLY,"Diagnostic generated record"
solanum-carolinense,,,,plant,materiaMedicaPartX.ts,NONE,,NO_MATCH,FALSE,NONE,NONE,EXPLICIT_FALSE,EXPLICIT_FALSE,EXPLICIT_TRUE,DEFAULT_TRUE,FALSE,FALSE,FALSE,FALSE,MM_ONLY,"Diagnostic generated record"
dulcamara,,,,plant,materiaMedicaPartX.ts,NONE,,NO_MATCH,FALSE,NONE,NONE,EXPLICIT_TRUE,EXPLICIT_TRUE,EXPLICIT_TRUE,DEFAULT_TRUE,DATASET_PRESENCE,DATASET_PRESENCE,TRUE,TRUE,PARTIALLY_LINKED,"Diagnostic generated record"
solanum-nigrum,,,,plant,materiaMedicaPartX.ts,NONE,,NO_MATCH,FALSE,NONE,NONE,EXPLICIT_FALSE,EXPLICIT_FALSE,EXPLICIT_TRUE,DEFAULT_TRUE,FALSE,FALSE,FALSE,FALSE,MM_ONLY,"Diagnostic generated record"
solidago-virgaurea,,,,plant,materiaMedicaPartX.ts,NONE,,NO_MATCH,FALSE,NONE,NONE,EXPLICIT_FALSE,EXPLICIT_FALSE,EXPLICIT_TRUE,DEFAULT_TRUE,FALSE,FALSE,FALSE,FALSE,MM_ONLY,"Diagnostic generated record"
spartium-scoparium,,,,plant,materiaMedicaPartX.ts,NONE,,NO_MATCH,FALSE,NONE,NONE,EXPLICIT_FALSE,EXPLICIT_FALSE,EXPLICIT_FALSE,EXPLICIT_TRUE,FALSE,FALSE,FALSE,FALSE,MM_ONLY,"Diagnostic generated record"
spigelia-anthelmia,,,,plant,materiaMedicaPartX.ts,NONE,,NO_MATCH,TRUE,spigelia-anthelmia,spigelia-anthelmia,EXPLICIT_TRUE,EXPLICIT_TRUE,EXPLICIT_TRUE,DEFAULT_TRUE,DATASET_PRESENCE,DATASET_PRESENCE,TRUE,TRUE,PARTIALLY_LINKED,"Diagnostic generated record"
spiraea-ulmaria,,,,plant,materiaMedicaPartX.ts,NONE,,NO_MATCH,FALSE,NONE,NONE,EXPLICIT_FALSE,EXPLICIT_FALSE,EXPLICIT_TRUE,DEFAULT_TRUE,FALSE,FALSE,FALSE,FALSE,MM_ONLY,"Diagnostic generated record"
spongia-tosta,,,,animal,materiaMedicaPartX.ts,NONE,,NO_MATCH,TRUE,spongia-tosta,spongia-tosta,EXPLICIT_TRUE,EXPLICIT_TRUE,EXPLICIT_TRUE,DEFAULT_TRUE,DATASET_PRESENCE,DATASET_PRESENCE,TRUE,TRUE,PARTIALLY_LINKED,"Diagnostic generated record"
squilla-maritima,,,,plant,materiaMedicaPartX.ts,NONE,,NO_MATCH,FALSE,NONE,NONE,EXPLICIT_TRUE,EXPLICIT_TRUE,EXPLICIT_TRUE,DEFAULT_TRUE,FALSE,FALSE,FALSE,FALSE,MM_ONLY,"Diagnostic generated record"
stachys-betonica,,,,plant,materiaMedicaPartX.ts,NONE,,NO_MATCH,FALSE,NONE,NONE,EXPLICIT_FALSE,EXPLICIT_FALSE,EXPLICIT_TRUE,DEFAULT_TRUE,FALSE,FALSE,FALSE,FALSE,MM_ONLY,"Diagnostic generated record"
stannum-iodatum,,,,mineral,materiaMedicaPartX.ts,NONE,,NO_MATCH,FALSE,NONE,NONE,EXPLICIT_FALSE,EXPLICIT_TRUE,EXPLICIT_TRUE,DEFAULT_TRUE,FALSE,DATASET_PRESENCE,FALSE,TRUE,PARTIALLY_LINKED,"Diagnostic generated record"
stannum-metallicum,,,,mineral,materiaMedicaPartX.ts,NONE,,NO_MATCH,TRUE,stannum-metallicum,stannum-metallicum,EXPLICIT_TRUE,EXPLICIT_TRUE,EXPLICIT_TRUE,DEFAULT_TRUE,DATASET_PRESENCE,DATASET_PRESENCE,TRUE,TRUE,PARTIALLY_LINKED,"Diagnostic generated record"
sticta-pulmonaria,,,,plant,materiaMedicaPartX.ts,NONE,,NO_MATCH,FALSE,NONE,NONE,EXPLICIT_FALSE,EXPLICIT_TRUE,EXPLICIT_TRUE,DEFAULT_TRUE,DATASET_PRESENCE,FALSE,TRUE,FALSE,PARTIALLY_LINKED,"Diagnostic generated record"
stillingia-sylvatica,,,,plant,materiaMedicaPartX.ts,NONE,,NO_MATCH,FALSE,NONE,NONE,EXPLICIT_FALSE,EXPLICIT_FALSE,EXPLICIT_TRUE,DEFAULT_TRUE,FALSE,FALSE,FALSE,FALSE,MM_ONLY,"Diagnostic generated record"
strontium-carbonicum,,,,mineral,materiaMedicaPartX.ts,NONE,,NO_MATCH,TRUE,strontium-carbonicum,strontium-carbonicum,EXPLICIT_FALSE,EXPLICIT_TRUE,EXPLICIT_TRUE,DEFAULT_TRUE,DATASET_PRESENCE,FALSE,TRUE,FALSE,PARTIALLY_LINKED,"Diagnostic generated record"
strontium-iodatum,,,,mineral,materiaMedicaPartX.ts,NONE,,NO_MATCH,FALSE,NONE,NONE,EXPLICIT_FALSE,EXPLICIT_FALSE,EXPLICIT_TRUE,DEFAULT_TRUE,DATASET_PRESENCE,FALSE,TRUE,FALSE,PARTIALLY_LINKED,"Diagnostic generated record"
strophanthus-hispidus,,,,plant,materiaMedicaPartX.ts,NONE,,NO_MATCH,FALSE,NONE,NONE,EXPLICIT_FALSE,EXPLICIT_FALSE,EXPLICIT_TRUE,DEFAULT_TRUE,DATASET_PRESENCE,FALSE,TRUE,FALSE,PARTIALLY_LINKED,"Diagnostic generated record"
strychninum-metallicum,,,,mineral,materiaMedicaPartX.ts,NONE,,NO_MATCH,FALSE,NONE,NONE,EXPLICIT_FALSE,EXPLICIT_FALSE,EXPLICIT_TRUE,DEFAULT_TRUE,FALSE,FALSE,FALSE,FALSE,MM_ONLY,"Diagnostic generated record"
strychninum-phosphoricum,,,,mineral,materiaMedicaPartX.ts,NONE,,NO_MATCH,FALSE,NONE,NONE,EXPLICIT_FALSE,EXPLICIT_FALSE,EXPLICIT_TRUE,DEFAULT_TRUE,FALSE,FALSE,FALSE,FALSE,MM_ONLY,"Diagnostic generated record"
ignatia-amara,,,,plant,materiaMedicaPartX.ts,NONE,,NO_MATCH,TRUE,ignatia-amara,ignatia-amara,EXPLICIT_TRUE,EXPLICIT_TRUE,EXPLICIT_TRUE,DEFAULT_TRUE,DATASET_PRESENCE,DATASET_PRESENCE,TRUE,TRUE,PARTIALLY_LINKED,"Diagnostic generated record"
nux-vomica,,,,plant,materiaMedicaPartX.ts,NONE,,NO_MATCH,FALSE,NONE,NONE,EXPLICIT_TRUE,EXPLICIT_TRUE,EXPLICIT_TRUE,DEFAULT_TRUE,DATASET_PRESENCE,DATASET_PRESENCE,TRUE,TRUE,PARTIALLY_LINKED,"Diagnostic generated record"
sulfurosum-acidum,,,,acid,materiaMedicaPartX.ts,NONE,,NO_MATCH,FALSE,NONE,NONE,EXPLICIT_FALSE,EXPLICIT_FALSE,EXPLICIT_TRUE,DEFAULT_TRUE,DATASET_PRESENCE,FALSE,TRUE,FALSE,PARTIALLY_LINKED,"Diagnostic generated record"
sulphur,,,,mineral,materiaMedicaPartX.ts,NONE,,NO_MATCH,TRUE,sulphur,sulphur,EXPLICIT_TRUE,EXPLICIT_TRUE,EXPLICIT_TRUE,DEFAULT_TRUE,DATASET_PRESENCE,DATASET_PRESENCE,TRUE,TRUE,PARTIALLY_LINKED,"Diagnostic generated record"
sulphur-iodatum,,,,mineral,materiaMedicaPartX.ts,NONE,,NO_MATCH,FALSE,NONE,NONE,EXPLICIT_FALSE,EXPLICIT_TRUE,EXPLICIT_TRUE,DEFAULT_TRUE,DATASET_PRESENCE,DATASET_PRESENCE,TRUE,TRUE,PARTIALLY_LINKED,"Diagnostic generated record"
symphytum-officinale,,,,plant,materiaMedicaPartX.ts,NONE,,NO_MATCH,FALSE,NONE,NONE,EXPLICIT_TRUE,EXPLICIT_TRUE,EXPLICIT_TRUE,DEFAULT_TRUE,DATASET_PRESENCE,DATASET_PRESENCE,TRUE,TRUE,PARTIALLY_LINKED,"Diagnostic generated record"
syphilinum,,,,nosode,materiaMedicaPartX.ts,NONE,,NO_MATCH,FALSE,NONE,NONE,EXPLICIT_FALSE,EXPLICIT_TRUE,EXPLICIT_FALSE,DEFAULT_TRUE,FALSE,DATASET_PRESENCE,FALSE,TRUE,PARTIALLY_LINKED,"Diagnostic generated record"
tanacetum-vulgare,,,,plant,materiaMedicaPartX.ts,NONE,,NO_MATCH,FALSE,NONE,NONE,EXPLICIT_FALSE,EXPLICIT_FALSE,EXPLICIT_TRUE,DEFAULT_TRUE,FALSE,FALSE,FALSE,FALSE,MM_ONLY,"Diagnostic generated record"
taraxacum-officinale,,,,plant,materiaMedicaPartX.ts,NONE,,NO_MATCH,TRUE,taraxacum-officinale,taraxacum-officinale,EXPLICIT_TRUE,EXPLICIT_TRUE,EXPLICIT_TRUE,DEFAULT_TRUE,DATASET_PRESENCE,DATASET_PRESENCE,TRUE,TRUE,PARTIALLY_LINKED,"Diagnostic generated record"
tarentula-cubensis,,,,animal,materiaMedicaPartX.ts,NONE,,NO_MATCH,FALSE,NONE,NONE,EXPLICIT_FALSE,EXPLICIT_TRUE,EXPLICIT_TRUE,DEFAULT_TRUE,DATASET_PRESENCE,FALSE,TRUE,FALSE,PARTIALLY_LINKED,"Diagnostic generated record"
tarentula-hispana,,,,animal,materiaMedicaPartX.ts,NONE,,NO_MATCH,FALSE,NONE,NONE,EXPLICIT_FALSE,EXPLICIT_TRUE,EXPLICIT_TRUE,DEFAULT_TRUE,FALSE,DATASET_PRESENCE,FALSE,TRUE,PARTIALLY_LINKED,"Diagnostic generated record"
taxus-baccata,,,,plant,materiaMedicaPartX.ts,NONE,,NO_MATCH,FALSE,NONE,NONE,EXPLICIT_FALSE,EXPLICIT_FALSE,EXPLICIT_TRUE,DEFAULT_TRUE,FALSE,FALSE,FALSE,FALSE,MM_ONLY,"Diagnostic generated record"
tellurium-metallicum,,,,mineral,materiaMedicaPartX.ts,NONE,,NO_MATCH,FALSE,NONE,NONE,EXPLICIT_FALSE,EXPLICIT_FALSE,EXPLICIT_TRUE,DEFAULT_TRUE,DATASET_PRESENCE,FALSE,TRUE,FALSE,PARTIALLY_LINKED,"Diagnostic generated record"
terebinthina,,,,mineral,materiaMedicaPartX.ts,NONE,,NO_MATCH,FALSE,NONE,NONE,EXPLICIT_FALSE,EXPLICIT_FALSE,EXPLICIT_TRUE,DEFAULT_TRUE,FALSE,DATASET_PRESENCE,FALSE,TRUE,PARTIALLY_LINKED,"Diagnostic generated record"
marum-verum,,,,plant,materiaMedicaPartX.ts,NONE,,NO_MATCH,FALSE,NONE,NONE,EXPLICIT_TRUE,EXPLICIT_TRUE,EXPLICIT_TRUE,DEFAULT_TRUE,DATASET_PRESENCE,FALSE,TRUE,FALSE,PARTIALLY_LINKED,"Diagnostic generated record"
theridion-curassavicum,,,,animal,materiaMedicaPartX.ts,NONE,,NO_MATCH,FALSE,NONE,NONE,EXPLICIT_FALSE,EXPLICIT_TRUE,EXPLICIT_TRUE,DEFAULT_TRUE,DATASET_PRESENCE,DATASET_PRESENCE,TRUE,TRUE,PARTIALLY_LINKED,"Diagnostic generated record"
thlaspi-bursa-pastoris,,,,plant,materiaMedicaPartX.ts,NONE,,NO_MATCH,FALSE,NONE,NONE,EXPLICIT_FALSE,EXPLICIT_FALSE,EXPLICIT_TRUE,DEFAULT_TRUE,DATASET_PRESENCE,DATASET_PRESENCE,TRUE,TRUE,PARTIALLY_LINKED,"Diagnostic generated record"
thuja-occidentalis,,,,plant,materiaMedicaPartX.ts,NONE,,NO_MATCH,TRUE,thuja-occidentalis,thuja-occidentalis,EXPLICIT_TRUE,EXPLICIT_TRUE,EXPLICIT_TRUE,DEFAULT_TRUE,DATASET_PRESENCE,DATASET_PRESENCE,TRUE,TRUE,PARTIALLY_LINKED,"Diagnostic generated record"
thyroidinum,,,,nosode,materiaMedicaPartX.ts,NONE,,NO_MATCH,FALSE,NONE,NONE,EXPLICIT_FALSE,EXPLICIT_FALSE,EXPLICIT_TRUE,DEFAULT_TRUE,DATASET_PRESENCE,FALSE,TRUE,FALSE,PARTIALLY_LINKED,"Diagnostic generated record"
tilia-europaea,,,,plant,materiaMedicaPartX.ts,NONE,,NO_MATCH,TRUE,tilia-europaea,tilia-europaea,EXPLICIT_FALSE,EXPLICIT_FALSE,EXPLICIT_TRUE,DEFAULT_TRUE,DATASET_PRESENCE,FALSE,TRUE,FALSE,PARTIALLY_LINKED,"Diagnostic generated record"
rhus-toxicodendron,,,,plant,materiaMedicaPartX.ts,rhus-toxicodendron,,EXACT_NAME,TRUE,rhus-toxicodendron,rhus-toxicodendron,EXPLICIT_TRUE,EXPLICIT_TRUE,EXPLICIT_TRUE,DEFAULT_TRUE,DATASET_PRESENCE,DATASET_PRESENCE,TRUE,TRUE,FULLY_LINKED,"Diagnostic generated record"
trillium-pendulum,,,,plant,materiaMedicaPartX.ts,NONE,,NO_MATCH,FALSE,NONE,NONE,EXPLICIT_FALSE,EXPLICIT_FALSE,EXPLICIT_TRUE,DEFAULT_TRUE,DATASET_PRESENCE,DATASET_PRESENCE,TRUE,TRUE,PARTIALLY_LINKED,"Diagnostic generated record"
trombidium-muscae,,,,animal,materiaMedicaPartX.ts,NONE,,NO_MATCH,FALSE,NONE,NONE,EXPLICIT_FALSE,EXPLICIT_FALSE,EXPLICIT_TRUE,DEFAULT_TRUE,FALSE,FALSE,FALSE,FALSE,MM_ONLY,"Diagnostic generated record"
tuberculinum-bovinum,,,,nosode,materiaMedicaPartX.ts,NONE,,NO_MATCH,FALSE,NONE,NONE,EXPLICIT_FALSE,EXPLICIT_TRUE,EXPLICIT_TRUE,DEFAULT_TRUE,DATASET_PRESENCE,DATASET_PRESENCE,TRUE,TRUE,PARTIALLY_LINKED,"Diagnostic generated record"
ulmus-campestris,,,,plant,materiaMedicaPartX.ts,NONE,,NO_MATCH,FALSE,NONE,NONE,EXPLICIT_FALSE,EXPLICIT_FALSE,EXPLICIT_TRUE,DEFAULT_TRUE,FALSE,FALSE,FALSE,FALSE,MM_ONLY,"Diagnostic generated record"
uranium-nitricum,,,,mineral,materiaMedicaPartX.ts,NONE,,NO_MATCH,FALSE,NONE,NONE,EXPLICIT_FALSE,EXPLICIT_FALSE,EXPLICIT_TRUE,DEFAULT_TRUE,FALSE,FALSE,FALSE,FALSE,MM_ONLY,"Diagnostic generated record"
urtica-urens,,,,plant,materiaMedicaPartX.ts,NONE,,NO_MATCH,FALSE,NONE,NONE,EXPLICIT_TRUE,EXPLICIT_TRUE,EXPLICIT_TRUE,DEFAULT_TRUE,DATASET_PRESENCE,FALSE,TRUE,FALSE,PARTIALLY_LINKED,"Diagnostic generated record"
usnea-barbata,,,,plant,materiaMedicaPartX.ts,NONE,,NO_MATCH,FALSE,NONE,NONE,EXPLICIT_FALSE,EXPLICIT_FALSE,EXPLICIT_TRUE,DEFAULT_TRUE,FALSE,FALSE,FALSE,FALSE,MM_ONLY,"Diagnostic generated record"
ustilago-maidis,,,,plant,materiaMedicaPartX.ts,NONE,,NO_MATCH,FALSE,NONE,NONE,EXPLICIT_FALSE,EXPLICIT_FALSE,EXPLICIT_TRUE,DEFAULT_TRUE,DATASET_PRESENCE,FALSE,TRUE,FALSE,PARTIALLY_LINKED,"Diagnostic generated record"
vaccininum,,,,nosode,materiaMedicaPartX.ts,NONE,,NO_MATCH,FALSE,NONE,NONE,EXPLICIT_FALSE,EXPLICIT_FALSE,EXPLICIT_TRUE,DEFAULT_TRUE,FALSE,FALSE,FALSE,FALSE,MM_ONLY,"Diagnostic generated record"
valeriana-officinalis,,,,plant,materiaMedicaPartX.ts,NONE,,NO_MATCH,TRUE,valeriana-officinalis,valeriana-officinalis,EXPLICIT_TRUE,EXPLICIT_TRUE,EXPLICIT_TRUE,DEFAULT_TRUE,DATASET_PRESENCE,DATASET_PRESENCE,TRUE,TRUE,PARTIALLY_LINKED,"Diagnostic generated record"
variolinum,,,,nosode,materiaMedicaPartX.ts,NONE,,NO_MATCH,FALSE,NONE,NONE,EXPLICIT_FALSE,EXPLICIT_TRUE,EXPLICIT_TRUE,DEFAULT_TRUE,DATASET_PRESENCE,DATASET_PRESENCE,TRUE,TRUE,PARTIALLY_LINKED,"Diagnostic generated record"
veratrum-album,,,,plant,materiaMedicaPartX.ts,NONE,,NO_MATCH,TRUE,veratrum-album,veratrum-album,EXPLICIT_TRUE,EXPLICIT_TRUE,EXPLICIT_TRUE,DEFAULT_TRUE,DATASET_PRESENCE,DATASET_PRESENCE,TRUE,TRUE,PARTIALLY_LINKED,"Diagnostic generated record"
veratrum-viride,,,,plant,materiaMedicaPartX.ts,NONE,,NO_MATCH,TRUE,veratrum-viride,veratrum-viride,EXPLICIT_FALSE,EXPLICIT_TRUE,EXPLICIT_TRUE,DEFAULT_TRUE,DATASET_PRESENCE,DATASET_PRESENCE,TRUE,TRUE,PARTIALLY_LINKED,"Diagnostic generated record"
verbascum-thapsus,,,,plant,materiaMedicaPartX.ts,NONE,,NO_MATCH,TRUE,verbascum-thapsus,verbascum-thapsus,EXPLICIT_FALSE,EXPLICIT_FALSE,EXPLICIT_TRUE,DEFAULT_TRUE,DATASET_PRESENCE,FALSE,TRUE,FALSE,PARTIALLY_LINKED,"Diagnostic generated record"
verbena-hastata,,,,plant,materiaMedicaPartX.ts,NONE,,NO_MATCH,FALSE,NONE,NONE,EXPLICIT_TRUE,EXPLICIT_FALSE,EXPLICIT_TRUE,DEFAULT_TRUE,FALSE,FALSE,FALSE,FALSE,MM_ONLY,"Diagnostic generated record"
vesicaria-communis,,,,plant,materiaMedicaPartX.ts,NONE,,NO_MATCH,FALSE,NONE,NONE,EXPLICIT_FALSE,EXPLICIT_FALSE,EXPLICIT_TRUE,DEFAULT_TRUE,FALSE,FALSE,FALSE,FALSE,MM_ONLY,"Diagnostic generated record"
viburnum-opulus,,,,plant,materiaMedicaPartX.ts,NONE,,NO_MATCH,FALSE,NONE,NONE,EXPLICIT_FALSE,EXPLICIT_FALSE,EXPLICIT_TRUE,DEFAULT_TRUE,DATASET_PRESENCE,FALSE,TRUE,FALSE,PARTIALLY_LINKED,"Diagnostic generated record"
viburnum-prunifolium,,,,plant,materiaMedicaPartX.ts,NONE,,NO_MATCH,FALSE,NONE,NONE,EXPLICIT_FALSE,EXPLICIT_FALSE,EXPLICIT_TRUE,DEFAULT_TRUE,FALSE,FALSE,FALSE,FALSE,MM_ONLY,"Diagnostic generated record"
vinca-minor,,,,plant,materiaMedicaPartX.ts,NONE,,NO_MATCH,FALSE,NONE,NONE,EXPLICIT_FALSE,EXPLICIT_FALSE,EXPLICIT_TRUE,DEFAULT_TRUE,DATASET_PRESENCE,FALSE,TRUE,FALSE,PARTIALLY_LINKED,"Diagnostic generated record"
viola-odorata,,,,plant,materiaMedicaPartX.ts,NONE,,NO_MATCH,FALSE,NONE,NONE,EXPLICIT_FALSE,EXPLICIT_FALSE,EXPLICIT_TRUE,DEFAULT_TRUE,DATASET_PRESENCE,FALSE,TRUE,FALSE,PARTIALLY_LINKED,"Diagnostic generated record"
viola-tricolor,,,,plant,materiaMedicaPartX.ts,NONE,,NO_MATCH,TRUE,viola-tricolor,viola-tricolor,EXPLICIT_FALSE,EXPLICIT_FALSE,EXPLICIT_TRUE,DEFAULT_TRUE,DATASET_PRESENCE,FALSE,TRUE,FALSE,PARTIALLY_LINKED,"Diagnostic generated record"
vipera-berus,,,,animal,materiaMedicaPartX.ts,NONE,,NO_MATCH,FALSE,NONE,NONE,EXPLICIT_FALSE,EXPLICIT_FALSE,EXPLICIT_TRUE,DEFAULT_TRUE,FALSE,FALSE,FALSE,FALSE,MM_ONLY,"Diagnostic generated record"
viscum-album,,,,plant,materiaMedicaPartX.ts,NONE,,NO_MATCH,FALSE,NONE,NONE,EXPLICIT_FALSE,EXPLICIT_FALSE,EXPLICIT_TRUE,DEFAULT_TRUE,DATASET_PRESENCE,FALSE,TRUE,FALSE,PARTIALLY_LINKED,"Diagnostic generated record"
wyethia-helenioides,,,,plant,materiaMedicaPartX.ts,NONE,,NO_MATCH,FALSE,NONE,NONE,EXPLICIT_FALSE,EXPLICIT_TRUE,EXPLICIT_FALSE,DEFAULT_TRUE,FALSE,FALSE,FALSE,FALSE,MM_ONLY,"Diagnostic generated record"
xanthoxylum-fraxineum,,,,plant,materiaMedicaPartX.ts,NONE,,NO_MATCH,FALSE,NONE,NONE,EXPLICIT_FALSE,EXPLICIT_FALSE,EXPLICIT_TRUE,DEFAULT_TRUE,DATASET_PRESENCE,FALSE,TRUE,FALSE,PARTIALLY_LINKED,"Diagnostic generated record"
yucca-filamentosa,,,,plant,materiaMedicaPartX.ts,NONE,,NO_MATCH,FALSE,NONE,NONE,EXPLICIT_FALSE,EXPLICIT_FALSE,EXPLICIT_TRUE,DEFAULT_TRUE,FALSE,FALSE,FALSE,FALSE,MM_ONLY,"Diagnostic generated record"
zincum-aceticum,,,,mineral,materiaMedicaPartX.ts,NONE,,NO_MATCH,FALSE,NONE,NONE,EXPLICIT_FALSE,EXPLICIT_FALSE,EXPLICIT_TRUE,DEFAULT_TRUE,FALSE,FALSE,FALSE,FALSE,MM_ONLY,"Diagnostic generated record"
zincum-arsenicosum,,,,mineral,materiaMedicaPartX.ts,NONE,,NO_MATCH,FALSE,NONE,NONE,EXPLICIT_FALSE,EXPLICIT_FALSE,EXPLICIT_TRUE,DEFAULT_TRUE,FALSE,FALSE,FALSE,FALSE,MM_ONLY,"Diagnostic generated record"
zincum-bromatum,,,,mineral,materiaMedicaPartX.ts,NONE,,NO_MATCH,FALSE,NONE,NONE,EXPLICIT_FALSE,EXPLICIT_FALSE,EXPLICIT_TRUE,DEFAULT_TRUE,FALSE,FALSE,FALSE,FALSE,MM_ONLY,"Diagnostic generated record"
zincum-carbonicum,,,,mineral,materiaMedicaPartX.ts,NONE,,NO_MATCH,FALSE,NONE,NONE,EXPLICIT_FALSE,EXPLICIT_FALSE,EXPLICIT_TRUE,DEFAULT_TRUE,FALSE,FALSE,FALSE,FALSE,MM_ONLY,"Diagnostic generated record"
zincum-cyanatum,,,,mineral,materiaMedicaPartX.ts,NONE,,NO_MATCH,FALSE,NONE,NONE,EXPLICIT_FALSE,EXPLICIT_FALSE,EXPLICIT_TRUE,DEFAULT_TRUE,FALSE,FALSE,FALSE,FALSE,MM_ONLY,"Diagnostic generated record"
zincum-iodatum,,,,mineral,materiaMedicaPartX.ts,NONE,,NO_MATCH,FALSE,NONE,NONE,EXPLICIT_FALSE,EXPLICIT_FALSE,EXPLICIT_TRUE,DEFAULT_TRUE,DATASET_PRESENCE,FALSE,TRUE,FALSE,PARTIALLY_LINKED,"Diagnostic generated record"
zincum-metallicum,,,,mineral,materiaMedicaPartX.ts,NONE,,NO_MATCH,TRUE,zincum-metallicum,zincum-metallicum,EXPLICIT_TRUE,EXPLICIT_TRUE,EXPLICIT_TRUE,DEFAULT_TRUE,DATASET_PRESENCE,DATASET_PRESENCE,TRUE,TRUE,PARTIALLY_LINKED,"Diagnostic generated record"
zincum-muriaticum,,,,mineral,materiaMedicaPartX.ts,NONE,,NO_MATCH,FALSE,NONE,NONE,EXPLICIT_FALSE,EXPLICIT_FALSE,EXPLICIT_TRUE,DEFAULT_TRUE,FALSE,FALSE,FALSE,FALSE,MM_ONLY,"Diagnostic generated record"
zincum-oxydatum,,,,mineral,materiaMedicaPartX.ts,NONE,,NO_MATCH,FALSE,NONE,NONE,EXPLICIT_FALSE,EXPLICIT_FALSE,EXPLICIT_TRUE,DEFAULT_TRUE,FALSE,FALSE,FALSE,FALSE,MM_ONLY,"Diagnostic generated record"
zincum-sulfuricum,,,,mineral,materiaMedicaPartX.ts,NONE,,NO_MATCH,FALSE,NONE,NONE,EXPLICIT_FALSE,EXPLICIT_FALSE,EXPLICIT_TRUE,DEFAULT_TRUE,DATASET_PRESENCE,FALSE,TRUE,FALSE,PARTIALLY_LINKED,"Diagnostic generated record"
zingiber-officinale,,,,plant,materiaMedicaPartX.ts,NONE,,NO_MATCH,FALSE,NONE,NONE,EXPLICIT_FALSE,EXPLICIT_FALSE,EXPLICIT_TRUE,DEFAULT_TRUE,DATASET_PRESENCE,DATASET_PRESENCE,TRUE,TRUE,PARTIALLY_LINKED,"Diagnostic generated record"